farmer_id,name,phone,registration_date,age,gender,county,farm_size_acres,mean_ndvi,ndvi_trend,growing_season_match,transaction_velocity,savings_rate,loan_repayment_history,cooperative_endorsement,chama_participation,neighbor_vouches,fertilizer_purchase_timing,seed_quality_tier,advisory_usage,drought_exposure_index,rainfall_deviation,temperature_anomaly,credit_score,farmer_type
FM0000,David Mwangi,0710959014,2024-12-31,28,F,Meru,2.2,0.704,0.129,0.853,48,0.556,1.0,4,1,4,0.957,2,1,0.109,17.59,2.09,100.0,excellent
FM0001,Samuel Kiprotich,0789966606,2025-07-28,49,F,Nakuru,4.64,0.862,-0.021,0.646,40,0.176,1.0,3,1,3,0.788,2,1,0.207,18.41,3.11,100.0,average
FM0002,James Kamau,0797636744,2025-03-08,39,M,Kiambu,4.35,0.404,-0.117,0.559,16,0.136,0.5,2,0,0,0.236,1,0,0.03,9.73,2.69,60.3,struggling
FM0003,John Mwangi,0739449976,2024-12-22,37,F,Meru,5.69,0.41,-0.068,0.423,18,0.192,0.5,2,0,2,0.468,1,0,0.25,5.72,1.76,53.1,struggling
FM0004,John Maina,0794015781,2024-12-25,29,F,Uasin Gishu,5.31,0.683,0.027,0.776,33,0.451,0.5,4,1,0,0.584,2,0,0.347,-21.69,3.21,100.0,average
FM0005,Samuel Njeri,0746510960,2025-09-29,25,M,Kiambu,1.05,0.551,-0.015,0.366,17,0.077,0.0,2,0,1,0.263,1,0,0.337,3.96,0.56,41.6,struggling
FM0006,Peter Achieng,0765293686,2025-09-09,54,F,Uasin Gishu,6.71,0.802,0.095,0.813,46,0.258,1.0,3,0,3,0.505,2,0,0.484,-17.35,0.06,97.3,average
FM0007,Peter Wambui,0733999533,2024-01-14,56,F,Uasin Gishu,1.17,0.479,0.104,0.658,35,0.27,1.0,4,0,3,0.592,1,0,0.118,-12.68,3.14,91.8,average
FM0008,Grace Wanjiku,0743381573,2025-08-08,61,M,Nakuru,1.87,0.655,0.103,0.894,62,0.237,1.0,5,1,5,0.807,3,1,0.021,-1.43,0.88,100.0,excellent
FM0009,David Achieng,0748487260,2025-01-27,27,M,Bungoma,9.15,0.78,-0.093,0.635,39,0.277,0.5,3,1,1,0.775,2,0,0.118,10.78,4.7,94.2,average
FM0010,John Mwangi,0761704882,2024-07-31,61,F,Kiambu,4.96,0.65,-0.038,0.644,41,0.589,1.0,3,0,4,0.783,2,1,0.267,5.31,2.62,100.0,average
FM0011,James Wambui,0762976036,2024-09-27,37,F,Uasin Gishu,2.01,0.475,-0.1,0.396,20,0.064,0.5,2,0,1,0.285,1,0,0.405,-17.1,-1.18,46.5,struggling
FM0012,Mary Maina,0777273675,2025-09-22,34,F,Kiambu,3.47,0.435,-0.015,0.603,44,0.338,1.0,3,0,3,0.737,1,0,0.158,-6.77,2.96,85.8,average
FM0013,James Mwangi,0789630668,2024-10-18,49,F,Bungoma,3.97,0.875,0.016,0.816,43,0.248,1.0,3,1,1,0.63,1,0,0.259,9.72,2.47,100.0,average
FM0014,Peter Kiprotich,0713021573,2024-02-15,29,F,Bungoma,5.81,0.773,-0.067,0.774,33,0.318,0.5,4,0,1,0.608,1,0,0.273,-9.93,0.53,88.6,average
FM0015,Peter Mwangi,0795927380,2025-07-15,33,M,Nakuru,3.66,0.486,-0.026,0.846,33,0.467,0.5,3,0,0,0.708,2,1,0.217,3.08,2.89,81.3,average
FM0016,Grace Mwangi,0760084389,2024-06-07,48,F,Kiambu,3.96,0.82,-0.014,0.73,40,0.226,1.0,3,0,3,0.541,1,0,0.0,14.44,2.83,92.0,average
FM0017,Sarah Kiprotich,0775012933,2024-05-06,29,M,Kiambu,2.13,0.719,0.09,0.919,51,0.494,1.0,4,1,3,0.979,3,1,0.051,5.04,0.7,100.0,excellent
FM0018,Mary Wanjiku,0744653349,2025-09-16,49,F,Nakuru,4.09,0.476,0.106,0.818,45,0.454,0.5,3,1,2,0.724,1,0,0.258,-1.89,6.12,95.2,average
FM0019,Lucy Maina,0776165878,2025-01-31,55,M,Kiambu,4.54,0.325,0.081,0.725,25,0.424,0.5,3,1,3,0.571,1,0,0.085,-4.87,0.61,76.0,average
FM0020,Peter Mwangi,0772017911,2025-09-21,29,M,Meru,2.05,0.207,-0.056,0.516,15,0.08,0.0,2,0,0,0.412,1,0,0.279,-6.61,2.65,36.2,struggling
FM0021,Samuel Kiprotich,0774926168,2024-08-25,64,M,Bungoma,5.17,0.256,-0.098,0.332,14,0.196,0.5,2,0,1,0.448,1,0,0.043,-1.81,2.61,52.1,struggling
FM0022,John Achieng,0737612325,2025-04-25,60,M,Bungoma,3.47,0.885,0.011,0.696,36,0.165,1.0,3,1,4,0.594,1,1,0.107,0.22,2.22,100.0,average
FM0023,Peter Kiprotich,0745084109,2024-12-09,46,F,Bungoma,2.55,0.718,0.17,0.75,32,0.127,0.5,3,0,2,0.776,2,0,0.22,11.72,0.56,75.3,average
FM0024,Sarah Wanjiku,0756240283,2024-06-19,31,F,Nakuru,20.52,0.493,0.076,0.858,51,0.846,1.0,4,1,4,0.835,3,1,0.28,-6.57,3.12,100.0,excellent
FM0025,Mary Njeri,0783750880,2025-07-06,52,F,Meru,2.7,0.67,-0.079,0.707,41,0.611,1.0,3,1,3,0.73,1,0,0.311,-9.84,2.27,100.0,average
FM0026,David Njeri,0740473321,2024-09-10,27,M,Kiambu,6.08,0.75,-0.0,0.763,30,0.483,1.0,4,0,2,0.526,1,0,0.183,-12.51,2.89,100.0,average
FM0027,James Kiprotich,0747226729,2024-10-24,45,M,Kiambu,6.88,0.389,0.008,0.706,36,0.239,1.0,3,0,0,0.774,1,0,0.191,-17.03,3.04,83.8,average
FM0028,Mary Mwangi,0789817241,2024-07-08,33,M,Nakuru,3.23,0.853,-0.092,0.612,28,0.378,0.5,3,1,2,0.699,2,1,0.261,-20.19,1.49,89.8,average
FM0029,Peter Wambui,0792479303,2024-05-21,47,F,Uasin Gishu,9.83,0.704,-0.038,0.798,38,0.273,1.0,4,1,2,0.701,1,0,0.155,-12.79,2.04,100.0,average
FM0030,Samuel Wanjiku,0749464216,2024-10-07,44,F,Kiambu,2.37,0.474,0.229,0.733,34,0.422,1.0,3,1,4,0.556,2,1,0.148,-5.55,-0.91,98.7,average
FM0031,David Achieng,0701514542,2023-11-12,33,F,Nakuru,10.34,0.658,0.029,0.77,40,0.43,1.0,3,1,3,0.654,1,0,0.138,-10.55,0.54,100.0,average
FM0032,David Wambui,0705809041,2024-07-04,61,M,Kiambu,2.19,0.358,-0.106,0.478,16,0.083,0.5,2,0,1,0.365,1,0,0.132,-7.98,-0.57,47.1,struggling
FM0033,Faith Wanjiku,0731984287,2024-10-03,54,F,Kiambu,1.74,0.306,-0.047,0.499,15,0.092,0.0,1,0,0,0.272,1,0,0.057,5.94,3.06,28.8,struggling
FM0034,John Achieng,0752374647,2025-03-05,38,F,Nakuru,4.45,0.747,0.017,0.759,36,0.355,1.0,4,1,0,0.781,2,0,0.307,-15.27,1.7,100.0,average
FM0035,Grace Achieng,0743353746,2024-07-05,27,M,Bungoma,8.42,0.175,-0.055,0.434,14,0.187,0.0,2,0,1,0.485,1,0,0.078,-6.47,1.33,41.8,struggling
FM0036,Grace Mwangi,0755940773,2024-05-18,26,F,Nakuru,2.32,0.772,0.126,0.718,52,0.292,1.0,4,0,0,0.776,2,1,0.097,-5.5,2.06,100.0,average
FM0037,Mary Achieng,0721650278,2025-07-03,39,M,Bungoma,10.17,0.048,-0.09,0.508,9,0.38,0.0,1,0,0,0.226,1,0,0.073,4.14,1.23,23.1,struggling
FM0038,James Wambui,0723289643,2024-02-15,30,F,Kiambu,3.42,0.689,0.068,0.957,62,0.411,1.0,5,1,3,0.849,2,1,0.118,4.24,2.28,100.0,excellent
FM0039,Mary Wambui,0761688718,2024-04-29,60,F,Nakuru,2.14,0.854,-0.02,0.644,50,0.256,1.0,3,1,1,0.619,2,0,0.26,6.34,-0.42,98.0,average
FM0040,Samuel Mwangi,0751255428,2024-12-29,32,F,Nakuru,1.7,0.47,-0.054,0.434,15,0.043,0.0,2,0,0,0.432,1,0,0.044,-7.72,-1.64,44.6,struggling
FM0041,Mary Maina,0745587883,2024-12-11,44,M,Meru,4.97,0.662,-0.162,0.776,34,0.513,1.0,3,0,0,0.531,2,1,0.255,-12.81,-2.18,84.0,average
FM0042,Mary Wanjiku,0748120511,2024-03-05,33,F,Bungoma,14.19,0.36,-0.108,0.37,25,0.171,0.0,2,0,2,0.439,1,0,0.12,6.81,2.63,49.5,struggling
FM0043,John Wambui,0729718818,2025-06-21,50,M,Kiambu,0.59,0.693,-0.034,0.95,62,0.267,1.0,5,1,0,0.865,2,1,0.124,15.95,0.23,100.0,excellent
FM0044,Peter Wambui,0771226787,2023-12-01,42,M,Nakuru,1.42,0.879,0.024,0.699,36,0.191,1.0,3,1,2,0.644,1,0,0.246,18.47,2.28,100.0,average
FM0045,David Njeri,0756728215,2024-04-18,60,M,Meru,1.94,0.443,-0.024,0.377,25,0.104,0.5,2,0,2,0.264,1,0,0.16,9.5,-0.37,51.5,struggling
FM0046,James Mwangi,0721200624,2024-06-29,63,M,Meru,4.54,0.455,-0.097,0.442,15,0.064,0.0,2,0,0,0.243,1,0,0.367,-23.5,0.57,50.3,struggling
FM0047,David Kiprotich,0742778076,2024-12-18,40,M,Nakuru,9.02,0.812,-0.015,0.91,52,0.206,1.0,4,1,6,0.81,2,1,0.005,-11.29,0.26,100.0,excellent
FM0048,Grace Wanjiku,0767342646,2025-01-12,59,F,Meru,12.83,0.725,-0.103,0.848,46,0.212,1.0,3,1,2,0.591,1,0,0.116,-2.92,-0.16,90.5,average
FM0049,Samuel Achieng,0791800600,2023-12-18,58,M,Meru,3.47,0.804,0.002,0.819,40,0.328,1.0,4,1,1,0.759,2,0,0.439,-2.42,1.52,100.0,average
FM0050,James Wanjiku,0724525886,2024-06-03,59,M,Meru,20.72,0.833,-0.002,0.654,37,0.248,0.5,3,0,1,0.708,1,0,0.266,-23.34,2.87,84.7,average
FM0051,Mary Wambui,0703815144,2024-07-22,53,M,Meru,5.17,0.801,-0.009,0.798,36,0.274,1.0,3,0,0,0.611,1,1,0.403,-25.43,1.49,88.6,average
FM0052,Grace Kamau,0708589747,2024-08-28,43,F,Bungoma,3.85,0.842,0.066,0.888,55,0.439,1.0,5,1,3,0.808,3,1,0.074,15.93,2.36,100.0,excellent
FM0053,Faith Maina,0773263376,2024-08-25,33,M,Meru,4.44,0.954,-0.054,0.729,44,0.284,1.0,4,0,0,0.642,1,0,0.288,-7.59,2.74,100.0,average
FM0054,Grace Kamau,0784370894,2024-08-20,48,M,Uasin Gishu,1.92,0.618,0.006,0.603,32,0.355,1.0,4,1,1,0.596,2,0,0.419,7.3,1.95,100.0,average
FM0055,John Achieng,0764341005,2024-01-07,58,F,Uasin Gishu,4.01,0.562,0.023,0.819,34,0.152,0.5,3,1,3,0.684,2,0,0.427,6.39,5.44,83.0,average
FM0056,Lucy Wanjiku,0724133277,2024-02-15,43,M,Meru,15.02,0.751,-0.055,0.781,43,0.04,1.0,3,1,0,0.676,2,1,0.225,-6.74,0.47,100.0,average
FM0057,Sarah Kiprotich,0743682501,2024-03-17,43,M,Meru,12.69,0.519,0.017,0.693,27,0.507,1.0,4,0,1,0.649,1,1,0.283,-4.96,-0.57,100.0,average
FM0058,Sarah Maina,0752569705,2025-03-10,30,M,Nakuru,4.45,0.773,-0.006,0.862,60,0.398,1.0,5,1,4,0.811,2,1,0.278,-13.78,0.26,100.0,excellent
FM0059,Lucy Kiprotich,0737192252,2024-10-12,52,F,Bungoma,15.36,0.891,0.104,0.863,49,0.299,1.0,5,1,5,0.862,3,1,0.062,-3.23,1.25,100.0,excellent
FM0060,Samuel Wambui,0769748793,2025-09-05,26,M,Kiambu,1.91,0.736,-0.078,0.766,30,0.164,1.0,3,0,3,0.762,2,1,0.124,3.58,0.24,84.9,average
FM0061,Grace Achieng,0792548037,2024-09-30,43,F,Uasin Gishu,4.66,0.446,0.029,0.966,75,0.523,1.0,5,1,7,0.971,3,1,0.283,-13.35,0.89,100.0,excellent
FM0062,Faith Wambui,0782434203,2025-02-25,57,M,Meru,2.11,0.574,-0.059,0.772,26,0.38,1.0,3,1,0,0.728,2,1,0.174,-21.28,3.12,99.9,average
FM0063,Samuel Kiprotich,0708831924,2024-12-03,38,F,Meru,2.85,0.717,0.129,0.971,64,0.614,1.0,4,1,4,0.815,2,1,0.33,-11.36,2.15,100.0,excellent
FM0064,Grace Achieng,0769518245,2024-07-21,60,M,Kiambu,0.73,0.598,0.064,0.628,34,0.439,1.0,3,1,3,0.773,2,1,0.056,10.86,0.7,100.0,average
FM0065,Samuel Kiprotich,0705994376,2024-11-11,59,F,Uasin Gishu,3.86,0.262,0.072,0.563,20,0.106,0.0,1,0,1,0.398,1,0,0.269,-17.15,4.08,28.9,struggling
FM0066,Peter Njeri,0703830121,2024-07-09,53,M,Bungoma,2.12,0.767,0.08,0.685,28,0.231,1.0,3,0,3,0.642,2,0,0.191,2.85,2.71,89.1,average
FM0067,John Wambui,0766907755,2025-09-12,36,F,Bungoma,1.29,0.721,0.02,0.808,42,0.091,0.5,3,1,2,0.764,2,0,0.071,6.13,2.64,88.4,average
FM0068,Mary Kiprotich,0716938661,2024-09-09,40,F,Bungoma,5.19,0.731,-0.039,0.629,33,0.199,0.5,3,0,4,0.503,2,1,0.195,7.87,0.58,78.8,average
FM0069,Lucy Njeri,0789079814,2025-03-19,61,F,Meru,1.53,0.813,0.017,0.74,32,0.369,1.0,3,0,6,0.596,2,0,0.459,-0.2,0.02,98.8,average
FM0070,David Achieng,0721680041,2024-06-03,61,F,Bungoma,5.8,0.577,0.116,0.812,35,0.308,1.0,3,1,1,0.53,1,1,0.0,-9.51,0.24,94.8,average
FM0071,Mary Wambui,0757222357,2023-12-07,43,M,Meru,2.29,0.799,0.011,0.855,56,0.628,1.0,5,1,5,0.833,3,1,0.248,-2.35,2.57,100.0,excellent
FM0072,Samuel Kamau,0763475441,2024-06-23,38,M,Kiambu,17.96,0.635,-0.072,0.688,34,0.215,1.0,3,1,2,0.726,2,0,0.475,-12.44,-1.22,100.0,average
FM0073,Peter Wanjiku,0745759166,2025-06-19,47,M,Meru,2.91,0.895,0.01,0.888,48,0.665,1.0,4,1,6,0.8,2,1,0.421,-22.4,1.77,100.0,excellent
FM0074,Faith Njeri,0739839283,2023-12-11,56,M,Uasin Gishu,0.95,0.869,0.027,0.725,41,0.142,1.0,4,1,3,0.692,2,1,0.486,-23.09,-3.03,100.0,average
FM0075,Samuel Mwangi,0721173866,2023-12-12,33,F,Bungoma,7.55,0.933,0.053,0.891,55,0.651,1.0,4,1,0,0.902,2,1,0.196,-5.33,0.21,100.0,excellent
FM0076,Mary Wambui,0789252066,2025-02-07,31,F,Uasin Gishu,8.92,0.558,0.002,0.772,35,0.38,1.0,4,1,4,0.735,2,0,0.391,-11.25,-2.75,100.0,average
FM0077,Sarah Mwangi,0748730509,2025-05-16,59,M,Nakuru,6.19,0.51,0.004,0.769,37,0.42,1.0,3,1,2,0.61,1,0,0.026,-3.81,-0.79,92.6,average
FM0078,David Njeri,0773581516,2023-12-24,60,F,Meru,5.68,0.069,-0.006,0.394,18,0.164,0.5,2,0,0,0.28,1,0,0.31,7.49,-0.36,37.0,struggling
FM0079,John Mwangi,0742499758,2024-03-16,62,M,Bungoma,7.31,0.748,-0.121,0.718,47,0.271,1.0,3,0,1,0.734,2,0,0.15,16.4,3.87,88.7,average
FM0080,Mary Kamau,0772405854,2023-12-03,30,M,Kiambu,3.24,0.674,0.072,0.611,33,0.139,1.0,4,1,1,0.638,2,1,0.245,-0.45,0.24,100.0,average
FM0081,Lucy Wanjiku,0763065654,2024-07-02,51,M,Uasin Gishu,2.13,0.936,-0.031,0.861,47,0.44,1.0,4,1,5,0.913,3,1,0.319,-10.01,-0.38,100.0,excellent
FM0082,Grace Kiprotich,0701760511,2023-12-20,45,M,Meru,1.74,0.64,-0.115,0.848,33,0.304,1.0,4,0,2,0.572,1,1,0.301,-17.54,0.89,100.0,average
FM0083,Mary Mwangi,0733692118,2025-04-03,47,F,Meru,7.12,0.791,0.098,0.806,43,0.264,0.5,4,0,2,0.529,2,0,0.39,-0.55,3.09,89.1,average
FM0084,Sarah Njeri,0769185062,2024-04-21,46,M,Kiambu,13.34,0.116,-0.047,0.368,13,0.249,0.0,1,0,0,0.414,1,0,0.104,4.62,2.68,26.4,struggling
FM0085,Grace Njeri,0704622580,2024-05-04,41,F,Uasin Gishu,4.79,0.922,0.021,0.72,37,0.437,1.0,3,0,1,0.741,1,0,0.308,-0.58,0.95,95.9,average
FM0086,James Wanjiku,0716796693,2024-11-22,61,M,Kiambu,7.45,0.786,-0.022,0.799,37,0.319,1.0,3,1,2,0.788,2,1,0.442,4.21,1.05,100.0,average
FM0087,Sarah Kiprotich,0732740087,2024-08-23,53,M,Uasin Gishu,2.49,0.829,-0.011,0.912,69,0.632,1.0,4,1,3,0.876,3,1,0.41,-2.99,2.78,100.0,excellent
FM0088,Mary Achieng,0771433524,2025-05-20,39,M,Nakuru,3.09,0.865,0.069,0.933,47,0.601,1.0,5,1,6,0.985,2,1,0.204,12.66,0.56,100.0,excellent
FM0089,Grace Kiprotich,0754659450,2025-07-20,51,M,Kiambu,3.86,0.374,-0.007,0.747,39,0.317,1.0,4,0,2,0.793,1,0,0.124,-8.64,1.29,95.4,average
FM0090,Sarah Kamau,0730416728,2024-12-10,52,F,Meru,2.81,0.44,0.034,0.785,29,0.262,1.0,4,0,6,0.685,2,1,0.228,-15.63,1.56,94.2,average
FM0091,Grace Kamau,0771648034,2025-07-24,25,M,Bungoma,3.79,0.469,-0.038,0.711,31,0.494,1.0,4,0,3,0.548,1,0,0.0,10.43,-0.06,97.8,average
FM0092,James Kiprotich,0713654687,2024-03-22,47,M,Meru,0.76,0.443,0.019,0.654,41,0.441,1.0,4,0,3,0.765,2,0,0.222,-10.13,1.44,96.0,average
FM0093,Mary Kiprotich,0705386159,2025-02-04,37,F,Bungoma,2.74,0.472,-0.012,0.689,26,0.485,1.0,3,0,4,0.662,2,1,0.16,5.0,-0.45,90.6,average
FM0094,Peter Njeri,0790745778,2024-01-10,31,M,Bungoma,4.35,0.275,0.019,0.361,15,0.056,0.5,1,0,0,0.417,1,0,0.0,17.44,1.7,40.6,struggling
FM0095,Grace Kamau,0702059385,2024-06-09,56,M,Uasin Gishu,10.65,0.991,0.005,0.856,54,0.401,1.0,4,1,4,0.889,2,1,0.468,-2.95,3.73,100.0,excellent
FM0096,Faith Kiprotich,0789948213,2024-04-21,32,M,Uasin Gishu,4.08,0.688,-0.033,0.932,55,0.61,1.0,5,1,3,0.921,3,1,0.258,-4.7,2.12,100.0,excellent
FM0097,Sarah Wambui,0749172324,2024-10-26,36,M,Kiambu,6.1,0.833,-0.063,0.805,38,0.587,1.0,3,0,1,0.566,2,0,0.239,10.45,2.31,100.0,average
FM0098,David Kamau,0767615317,2025-04-18,55,F,Kiambu,3.22,0.84,0.088,0.796,34,0.37,0.5,4,1,7,0.64,2,0,0.313,1.72,1.4,100.0,average
FM0099,Mary Kamau,0791403830,2023-11-07,42,M,Nakuru,3.16,0.661,-0.0,0.701,33,0.297,1.0,3,1,2,0.69,2,0,0.317,6.41,1.47,100.0,average
FM0100,Lucy Wanjiku,0728413964,2024-07-20,50,F,Uasin Gishu,5.19,0.61,-0.109,0.491,16,0.053,0.0,1,0,1,0.41,1,0,0.297,-5.85,2.19,36.1,struggling
FM0101,Grace Wanjiku,0779723877,2024-03-16,39,M,Meru,1.89,0.619,0.037,0.653,29,0.361,1.0,3,0,0,0.793,2,1,0.307,-14.66,1.23,84.1,average
FM0102,James Wanjiku,0702873524,2025-03-31,58,M,Uasin Gishu,3.86,0.951,0.028,0.903,47,0.669,1.0,5,1,5,0.801,2,1,0.322,-11.61,3.05,100.0,excellent
FM0103,Sarah Maina,0735980709,2025-06-03,52,M,Bungoma,3.81,0.697,0.131,0.835,34,0.25,1.0,3,1,5,0.721,2,1,0.229,8.94,1.38,98.8,average
FM0104,John Mwangi,0732080782,2025-01-01,48,M,Uasin Gishu,4.79,0.77,0.015,0.636,33,0.332,1.0,3,1,1,0.762,1,0,0.266,-4.65,3.34,98.4,average
FM0105,Samuel Njeri,0795062664,2023-11-07,25,F,Nakuru,6.36,0.783,0.087,0.942,61,0.625,1.0,4,1,4,0.934,3,1,0.261,-9.33,1.97,100.0,excellent
FM0106,Peter Wanjiku,0749898558,2025-06-19,43,F,Uasin Gishu,3.15,0.577,-0.023,0.8,33,0.197,1.0,4,0,0,0.506,2,0,0.426,-17.19,2.62,91.0,average
FM0107,Faith Wambui,0709492989,2024-01-10,33,F,Uasin Gishu,0.3,0.398,0.037,0.669,39,0.462,1.0,3,0,3,0.779,1,0,0.222,-6.76,-0.22,87.1,average
FM0108,Faith Wanjiku,0751923821,2024-12-03,49,M,Nakuru,3.22,0.306,0.039,0.375,13,0.136,0.5,2,0,0,0.459,1,0,0.168,-9.16,2.12,44.9,struggling
FM0109,Peter Achieng,0784678410,2025-06-15,36,F,Kiambu,7.32,0.659,-0.063,0.818,35,0.259,0.5,4,0,0,0.608,1,0,0.159,3.22,1.17,91.1,average
FM0110,Lucy Kiprotich,0760011150,2024-05-10,51,F,Bungoma,3.15,0.729,-0.143,0.613,34,0.157,1.0,4,1,1,0.742,2,0,0.0,4.32,0.22,100.0,average
FM0111,Sarah Wanjiku,0728058751,2024-08-29,61,M,Bungoma,2.5,0.768,-0.077,0.764,37,0.215,1.0,4,0,2,0.704,2,0,0.155,-1.37,-1.29,100.0,average
FM0112,James Achieng,0705021983,2024-01-22,42,M,Meru,2.68,0.714,-0.013,0.842,31,0.212,1.0,3,0,1,0.734,2,0,0.236,-4.98,2.63,85.3,average
FM0113,Mary Kiprotich,0712541175,2024-09-28,49,F,Nakuru,9.11,0.914,0.131,0.686,38,0.135,1.0,3,1,2,0.782,1,1,0.153,-12.15,-0.04,92.0,average
FM0114,James Achieng,0755614081,2024-06-14,51,F,Nakuru,10.98,0.265,-0.141,0.37,28,0.181,0.0,1,0,0,0.375,1,0,0.189,-5.89,1.44,24.5,struggling
FM0115,Sarah Kiprotich,0704585315,2024-04-15,60,M,Meru,1.67,0.658,0.001,0.684,43,0.472,1.0,3,0,3,0.545,1,0,0.263,8.98,0.2,100.0,average
FM0116,James Kiprotich,0706818922,2025-07-05,25,M,Uasin Gishu,3.93,0.865,-0.02,0.639,39,0.47,0.5,4,1,4,0.64,2,0,0.329,-28.36,0.32,100.0,average
FM0117,Mary Njeri,0783629479,2025-07-20,36,M,Bungoma,0.61,0.818,-0.026,0.769,37,0.584,1.0,3,1,2,0.566,1,0,0.283,15.73,1.99,100.0,average
FM0118,Grace Njeri,0736183569,2024-12-11,27,M,Nakuru,7.74,0.112,0.031,0.59,16,0.07,0.0,1,0,1,0.358,1,0,0.306,1.03,1.95,26.6,struggling
FM0119,Sarah Maina,0775689368,2024-02-02,46,F,Bungoma,30.35,0.859,0.103,0.739,32,0.184,1.0,4,0,0,0.714,2,0,0.129,5.25,1.05,100.0,average
FM0120,Samuel Achieng,0723767091,2025-06-12,46,M,Bungoma,3.32,0.678,0.123,0.818,41,0.026,1.0,3,1,0,0.674,2,1,0.005,10.32,2.04,100.0,average
FM0121,David Achieng,0758576692,2024-02-09,40,M,Meru,2.9,0.441,0.064,0.808,24,0.432,1.0,3,1,2,0.541,2,0,0.376,2.11,2.62,93.8,average
FM0122,Sarah Njeri,0794265849,2024-08-05,47,M,Kiambu,10.86,0.847,0.091,0.969,51,0.247,1.0,4,1,2,0.823,3,1,0.284,-1.36,3.09,100.0,excellent
FM0123,Grace Kiprotich,0777805072,2024-03-29,50,M,Kiambu,1.32,0.939,-0.034,0.869,53,0.201,1.0,5,1,4,0.982,2,1,0.269,-7.71,0.84,100.0,excellent
FM0124,Grace Maina,0725562996,2025-04-12,42,M,Kiambu,1.41,0.914,0.015,0.991,45,0.535,1.0,4,1,7,0.997,2,1,0.069,-5.9,2.77,100.0,excellent
FM0125,Faith Kamau,0744117798,2025-05-31,27,M,Uasin Gishu,6.9,0.683,-0.1,0.666,35,0.257,0.5,3,1,1,0.504,2,0,0.423,-5.66,2.14,82.9,average
FM0126,Grace Mwangi,0789143466,2025-05-20,29,F,Meru,8.11,0.309,-0.018,0.649,34,0.276,0.5,3,0,5,0.599,2,0,0.575,-0.87,1.38,70.8,average
FM0127,Samuel Maina,0705050058,2025-05-07,59,M,Nakuru,10.57,0.878,0.042,0.965,53,0.393,1.0,4,1,2,0.842,3,1,0.206,-8.26,0.37,100.0,excellent
FM0128,James Kamau,0756803178,2024-10-14,54,F,Nakuru,1.3,0.74,0.02,0.96,53,0.576,1.0,5,1,4,0.999,2,1,0.228,-14.66,3.94,100.0,excellent
FM0129,Samuel Kiprotich,0768110885,2025-07-18,38,M,Nakuru,2.77,0.83,0.064,0.606,32,0.144,1.0,4,1,1,0.578,2,0,0.092,-23.47,1.68,100.0,average
FM0130,Sarah Kiprotich,0786972025,2025-07-23,56,F,Uasin Gishu,5.2,0.244,-0.004,0.569,11,0.206,0.0,2,0,1,0.254,1,0,0.267,-16.38,0.28,32.6,struggling
FM0131,David Wanjiku,0723518715,2025-07-20,31,M,Nakuru,1.13,0.704,-0.115,0.603,38,0.206,1.0,4,1,3,0.569,2,0,0.153,-8.66,1.5,100.0,average
FM0132,James Kamau,0710197174,2025-01-04,43,F,Bungoma,0.99,0.733,0.087,0.995,53,0.53,1.0,5,1,5,0.854,2,1,0.111,5.76,3.51,100.0,excellent
FM0133,Lucy Kamau,0735432211,2025-06-11,56,F,Kiambu,1.81,0.82,0.175,0.989,65,0.577,1.0,4,1,3,0.861,2,1,0.067,-1.09,-0.14,100.0,excellent
FM0134,Mary Maina,0736146254,2024-02-27,51,F,Meru,1.1,0.593,-0.024,0.654,25,0.277,1.0,3,1,5,0.712,2,0,0.222,-12.24,-0.83,98.6,average
FM0135,Sarah Mwangi,0708175576,2024-11-10,29,F,Uasin Gishu,2.3,0.755,0.02,0.664,35,0.384,1.0,3,0,3,0.64,2,1,0.266,-5.97,1.8,94.9,average
FM0136,David Kamau,0783050790,2025-03-26,41,F,Kiambu,2.8,0.6,0.064,0.63,24,0.22,1.0,3,1,1,0.511,2,0,0.139,-4.54,0.64,97.7,average
FM0137,Samuel Maina,0722224699,2024-01-29,54,M,Uasin Gishu,4.1,0.979,0.074,0.983,53,0.739,1.0,5,1,1,0.981,2,1,0.362,-21.16,1.06,100.0,excellent
FM0138,Mary Achieng,0764496620,2024-07-06,38,M,Kiambu,4.91,0.958,-0.003,0.875,62,0.357,1.0,4,1,6,0.971,2,1,0.307,0.69,0.54,100.0,excellent
FM0139,James Achieng,0728417654,2024-11-01,53,M,Nakuru,1.3,0.205,0.032,0.499,9,0.065,0.0,1,0,2,0.456,1,0,0.235,-11.53,3.44,24.8,struggling
FM0140,Mary Maina,0729452300,2025-01-03,49,F,Nakuru,2.48,0.632,0.053,0.831,41,0.335,1.0,3,0,5,0.658,2,1,0.187,-18.85,-1.95,87.5,average
FM0141,John Kiprotich,0716480387,2024-10-28,44,M,Bungoma,2.02,0.637,-0.103,0.736,30,0.151,0.5,3,1,2,0.585,1,1,0.007,15.69,-0.44,86.5,average
FM0142,James Njeri,0741850767,2025-05-06,40,F,Bungoma,2.53,0.593,-0.057,0.706,34,0.397,1.0,3,1,5,0.742,2,0,0.088,-0.69,0.67,100.0,average
FM0143,Grace Achieng,0761869073,2024-04-25,54,M,Kiambu,4.03,0.776,-0.197,0.731,39,0.172,0.5,4,0,3,0.718,2,1,0.0,8.64,0.64,92.2,average
FM0144,James Njeri,0778769065,2024-08-30,58,M,Uasin Gishu,4.38,0.517,-0.002,0.645,34,0.203,0.5,3,0,4,0.716,2,0,0.289,-6.37,1.97,63.2,average
FM0145,Samuel Mwangi,0725538969,2024-08-05,62,M,Bungoma,0.63,0.477,-0.003,0.446,14,0.192,0.5,1,0,0,0.457,1,0,0.175,11.17,1.13,50.0,struggling
FM0146,James Wanjiku,0792315827,2025-02-11,47,M,Nakuru,3.12,0.337,-0.086,0.401,11,0.072,0.0,2,0,0,0.277,1,0,0.158,6.2,1.46,40.1,struggling
FM0147,Mary Mwangi,0769040239,2025-09-26,50,M,Bungoma,1.79,0.416,-0.106,0.687,38,0.373,1.0,4,1,2,0.754,2,0,0.035,-3.24,0.07,100.0,average
FM0148,Grace Kiprotich,0723226944,2025-09-20,50,F,Nakuru,3.29,0.493,0.028,0.733,42,0.178,1.0,3,1,2,0.595,2,0,0.103,11.79,2.86,86.5,average
FM0149,John Maina,0757159223,2025-06-18,32,F,Bungoma,1.8,0.426,-0.074,0.531,14,0.268,0.0,2,0,0,0.449,1,0,0.0,19.21,1.33,47.9,struggling
FM0150,Peter Achieng,0740129705,2025-07-03,62,F,Bungoma,2.82,0.387,0.081,0.694,41,0.244,1.0,4,0,3,0.518,1,0,0.055,-5.4,0.59,91.4,average
FM0151,James Achieng,0743821206,2023-12-03,40,M,Meru,2.68,0.497,0.112,0.692,35,0.243,1.0,3,0,2,0.759,2,0,0.08,5.2,1.13,86.0,average
FM0152,Peter Njeri,0745153952,2023-12-18,38,F,Bungoma,10.11,0.457,-0.095,0.843,29,0.317,1.0,3,0,1,0.606,2,0,0.228,11.54,2.51,81.3,average
FM0153,James Wambui,0730955478,2025-03-17,37,M,Meru,5.05,0.57,-0.115,0.841,35,0.422,1.0,4,0,1,0.546,2,0,0.214,-19.26,1.12,95.4,average
FM0154,Lucy Njeri,0754822908,2024-08-08,46,F,Uasin Gishu,9.12,0.909,0.051,0.917,59,0.475,1.0,5,1,9,0.954,2,1,0.194,-21.79,3.65,100.0,excellent
FM0155,Mary Kamau,0772043213,2025-05-04,55,M,Bungoma,2.99,0.551,0.186,0.842,36,0.417,1.0,3,0,3,0.79,2,0,0.176,2.08,1.41,91.6,average
FM0156,Peter Kamau,0737701845,2025-07-19,27,M,Kiambu,0.99,0.617,0.023,0.791,35,0.517,0.5,4,0,1,0.648,2,0,0.311,-8.98,1.0,97.5,average
FM0157,Peter Mwangi,0760409832,2024-02-20,26,M,Bungoma,7.67,0.8,-0.053,0.703,39,0.24,1.0,3,0,1,0.652,2,1,0.059,15.06,-0.19,98.2,average
FM0158,Samuel Wanjiku,0734822065,2024-06-24,49,M,Uasin Gishu,2.4,0.691,0.03,0.998,48,0.56,1.0,5,1,7,0.81,2,1,0.153,-10.83,1.53,100.0,excellent
FM0159,David Maina,0717550054,2024-12-04,44,F,Bungoma,2.4,0.381,-0.014,0.71,40,0.169,1.0,3,0,1,0.8,1,0,0.065,31.31,4.59,83.1,average
FM0160,Mary Achieng,0760125675,2024-05-10,34,M,Bungoma,1.42,0.742,0.091,0.96,50,0.509,1.0,5,1,8,0.93,3,1,0.087,13.47,1.33,100.0,excellent
FM0161,Sarah Achieng,0700693464,2024-07-02,32,M,Bungoma,1.28,0.542,0.042,0.987,63,0.267,1.0,5,1,1,0.828,3,1,0.21,4.82,1.51,100.0,excellent
FM0162,Lucy Maina,0781522052,2024-03-26,31,F,Uasin Gishu,7.3,0.762,0.154,0.758,35,0.354,0.5,3,1,1,0.658,1,0,0.344,-5.09,2.56,88.9,average
FM0163,Faith Kiprotich,0762908951,2024-05-08,34,F,Nakuru,6.72,0.547,0.041,0.626,41,0.397,0.5,4,1,2,0.787,1,0,0.252,-13.18,0.7,96.3,average
FM0164,John Njeri,0703446839,2024-04-02,54,M,Uasin Gishu,9.84,0.617,-0.061,0.789,31,0.318,1.0,3,0,3,0.697,2,0,0.345,-5.11,1.73,88.2,average
FM0165,David Wanjiku,0733644175,2024-09-08,36,M,Uasin Gishu,1.63,0.366,0.036,0.461,17,0.03,0.5,2,0,2,0.408,1,0,0.424,-16.38,1.83,47.4,struggling
FM0166,Lucy Njeri,0785990497,2025-02-07,29,M,Nakuru,2.21,0.777,-0.017,0.981,50,0.572,1.0,5,1,7,0.809,3,1,0.185,-12.5,-0.17,100.0,excellent
FM0167,Peter Wanjiku,0742647864,2025-05-28,48,M,Nakuru,4.65,0.705,-0.008,0.845,37,0.169,0.5,3,1,3,0.72,1,0,0.139,-3.04,2.32,77.3,average
FM0168,James Njeri,0788121120,2025-02-14,43,M,Nakuru,3.21,0.86,0.04,0.944,50,0.429,1.0,5,1,4,0.938,3,1,0.103,14.87,-0.63,100.0,excellent
FM0169,Peter Maina,0781642415,2024-07-03,64,M,Meru,1.6,0.678,-0.047,0.785,39,0.17,1.0,3,1,2,0.565,1,1,0.192,-38.06,1.77,99.9,average
FM0170,Sarah Njeri,0782833209,2025-04-10,53,M,Bungoma,1.97,0.708,0.002,0.833,27,0.603,1.0,4,1,2,0.501,2,0,0.055,5.09,-0.57,100.0,average
FM0171,Peter Njeri,0705198054,2025-01-26,46,F,Nakuru,4.13,0.693,0.02,0.89,53,0.548,1.0,5,1,5,0.904,2,1,0.224,-10.79,-0.12,100.0,excellent
FM0172,Peter Njeri,0743797300,2024-06-20,55,M,Nakuru,5.48,0.436,0.019,0.806,34,0.356,1.0,3,1,2,0.547,2,0,0.219,-11.51,2.65,90.0,average
FM0173,James Wambui,0759206882,2024-06-14,42,M,Nakuru,4.07,0.82,-0.073,0.841,45,0.343,1.0,4,1,1,0.582,2,1,0.153,7.34,0.68,100.0,average
FM0174,James Wambui,0709920226,2025-09-15,64,M,Kiambu,2.44,0.823,0.051,0.909,64,0.587,1.0,5,1,4,0.848,3,1,0.052,-8.85,0.72,100.0,excellent
FM0175,Lucy Kiprotich,0789233086,2024-05-17,51,M,Uasin Gishu,3.28,0.62,0.137,0.651,39,0.309,0.5,4,0,3,0.717,2,1,0.466,-11.58,1.22,83.5,average
FM0176,Lucy Wanjiku,0762922874,2023-12-23,53,M,Meru,2.51,0.863,0.08,0.613,27,0.308,0.5,3,0,2,0.505,1,0,0.319,-2.11,1.27,87.5,average
FM0177,Peter Njeri,0762550627,2025-09-19,26,M,Nakuru,1.14,0.549,0.197,0.616,29,0.316,0.5,3,0,1,0.647,2,1,0.215,-10.22,6.12,81.3,average
FM0178,James Achieng,0718397030,2024-06-12,38,M,Meru,3.45,0.744,-0.02,0.625,28,0.225,1.0,3,0,4,0.779,1,0,0.569,0.27,-0.26,77.5,average
FM0179,Faith Maina,0758544451,2025-05-07,52,F,Meru,2.3,0.074,-0.056,0.406,14,0.041,0.0,1,0,0,0.256,1,0,0.396,-6.61,0.04,14.5,struggling
FM0180,Mary Maina,0731013300,2024-11-25,44,F,Nakuru,7.45,0.746,-0.099,0.613,42,0.33,1.0,4,1,4,0.519,2,0,0.115,-4.27,3.09,100.0,average
FM0181,Faith Mwangi,0756885616,2025-02-10,27,F,Nakuru,2.5,0.663,-0.216,0.696,34,0.591,1.0,4,0,3,0.694,1,1,0.501,1.27,0.5,100.0,average
FM0182,Samuel Wanjiku,0732285676,2024-11-02,60,F,Kiambu,3.57,0.898,0.014,0.642,29,0.223,1.0,3,0,3,0.502,2,0,0.229,1.3,1.56,93.0,average
FM0183,James Kiprotich,0788870006,2024-02-11,32,M,Bungoma,6.44,0.745,0.194,0.829,37,0.398,1.0,4,0,0,0.552,2,1,0.131,10.22,1.88,100.0,average
FM0184,Sarah Wanjiku,0753436651,2024-07-31,59,M,Nakuru,1.63,0.784,0.103,0.71,36,0.342,0.5,3,0,2,0.557,1,0,0.227,-1.22,2.74,85.4,average
FM0185,Sarah Njeri,0778784753,2025-06-10,47,F,Bungoma,4.77,0.782,-0.028,0.991,65,0.386,1.0,4,1,2,0.945,2,1,0.196,28.25,1.47,100.0,excellent
FM0186,John Mwangi,0743133323,2025-05-16,31,M,Uasin Gishu,2.56,0.313,0.0,0.689,31,0.144,1.0,4,1,4,0.608,2,1,0.317,-15.49,3.39,94.8,average
FM0187,Mary Maina,0709939139,2025-09-02,26,F,Kiambu,5.5,0.224,-0.015,0.552,12,0.089,0.5,1,0,0,0.456,1,0,0.285,7.12,1.78,29.0,struggling
FM0188,Mary Wanjiku,0719611739,2025-05-15,57,M,Bungoma,0.74,0.301,-0.083,0.57,22,0.121,0.0,2,0,0,0.441,1,0,0.013,4.89,1.71,57.2,struggling
FM0189,Lucy Kamau,0728814808,2024-12-30,57,F,Uasin Gishu,3.33,0.734,-0.002,0.839,30,0.452,1.0,3,0,2,0.524,2,0,0.396,-7.73,0.32,83.6,average
FM0190,David Achieng,0771192896,2024-09-06,46,F,Kiambu,0.95,0.701,-0.037,0.675,33,0.139,1.0,3,1,3,0.535,1,0,0.132,3.99,2.04,98.1,average
FM0191,Sarah Kamau,0775885374,2025-03-12,39,M,Uasin Gishu,1.7,0.687,0.061,0.843,31,0.523,1.0,4,1,0,0.637,2,0,0.519,-18.86,2.27,100.0,average
FM0192,Lucy Achieng,0752327105,2024-10-30,62,F,Kiambu,5.01,0.898,0.091,0.886,53,0.447,1.0,4,1,6,0.826,2,1,0.089,7.34,2.04,100.0,excellent
FM0193,Lucy Kiprotich,0720602307,2025-06-18,46,M,Uasin Gishu,4.86,0.856,-0.053,0.652,33,0.449,1.0,3,0,0,0.501,1,0,0.387,-5.65,0.15,90.1,average
FM0194,Faith Mwangi,0730948393,2024-02-12,33,M,Bungoma,4.86,0.553,0.049,0.744,40,0.412,0.5,3,0,2,0.767,2,0,0.173,11.63,2.96,82.0,average
FM0195,Grace Wanjiku,0705236840,2024-04-03,57,M,Kiambu,2.16,0.597,0.005,0.75,36,0.529,1.0,4,0,2,0.505,2,0,0.128,-10.79,4.74,100.0,average
FM0196,Grace Achieng,0767658520,2024-09-09,33,F,Kiambu,6.06,0.594,-0.119,0.356,10,0.251,0.5,2,0,2,0.254,1,0,0.255,5.69,0.48,57.4,struggling
FM0197,Faith Maina,0747670630,2025-05-09,43,F,Nakuru,1.07,0.809,-0.004,0.99,43,0.581,1.0,5,1,3,0.982,2,1,0.067,-26.78,0.45,100.0,excellent
FM0198,Sarah Njeri,0762144044,2024-06-24,59,M,Uasin Gishu,6.96,0.738,-0.055,0.698,29,0.243,1.0,4,1,1,0.731,1,1,0.287,-20.46,2.53,100.0,average
FM0199,Lucy Achieng,0724466478,2025-06-29,51,M,Nakuru,16.43,0.925,0.048,0.97,56,0.544,1.0,5,1,5,0.812,3,1,0.076,10.23,2.67,100.0,excellent
FM0200,Grace Kamau,0729627659,2024-02-13,40,F,Bungoma,0.89,0.657,-0.067,0.764,35,0.331,1.0,4,0,2,0.522,1,1,0.145,-2.59,1.98,97.7,average
FM0201,Samuel Wambui,0704817167,2025-01-28,39,M,Uasin Gishu,1.67,0.642,0.092,0.826,42,0.422,0.5,3,0,0,0.702,2,1,0.215,-21.43,3.08,82.1,average
FM0202,Sarah Njeri,0718439872,2024-08-25,33,F,Meru,1.86,0.752,0.064,0.61,29,0.141,0.5,3,0,2,0.557,2,1,0.282,-9.1,3.44,71.5,average
FM0203,Sarah Achieng,0755138447,2024-12-16,26,M,Meru,3.4,0.78,0.004,0.938,57,0.362,1.0,5,1,7,0.841,3,1,0.308,2.49,1.46,100.0,excellent
FM0204,David Achieng,0753304529,2024-07-27,62,M,Meru,2.07,0.93,-0.039,0.661,45,0.262,1.0,3,0,2,0.511,2,0,0.27,7.88,1.38,95.0,average
FM0205,Sarah Wanjiku,0749429226,2024-11-22,33,F,Nakuru,6.61,0.615,-0.004,0.64,40,0.186,1.0,3,0,1,0.644,1,1,0.211,3.55,3.88,87.1,average
FM0206,James Kamau,0774188767,2024-01-05,30,F,Uasin Gishu,4.9,0.443,-0.059,0.526,11,0.227,0.5,1,0,1,0.339,1,0,0.426,-27.43,0.59,50.8,struggling
FM0207,Lucy Achieng,0742120305,2024-10-27,50,F,Uasin Gishu,3.1,0.867,0.062,0.999,61,0.3,1.0,5,1,7,0.901,2,1,0.368,3.45,2.04,100.0,excellent
FM0208,Samuel Kamau,0735998581,2024-07-16,49,M,Uasin Gishu,3.56,0.676,-0.003,0.727,28,0.447,1.0,3,0,4,0.784,2,0,0.291,-10.75,-1.53,93.1,average
FM0209,David Njeri,0758424716,2025-01-17,25,F,Uasin Gishu,2.01,0.416,-0.028,0.898,54,0.452,1.0,5,1,8,0.81,3,1,0.444,-11.29,1.81,100.0,excellent
FM0210,John Wambui,0760184714,2025-01-27,44,M,Uasin Gishu,1.85,0.813,0.063,0.992,56,0.446,1.0,5,1,9,0.851,3,1,0.101,-15.09,1.21,100.0,excellent
FM0211,Peter Mwangi,0708740245,2025-06-06,51,M,Kiambu,3.31,0.624,-0.003,0.648,29,0.455,1.0,3,0,1,0.581,2,0,0.136,5.91,1.34,98.9,average
FM0212,Grace Kiprotich,0707903797,2024-01-24,46,F,Bungoma,14.4,0.253,-0.069,0.436,15,0.01,0.0,2,0,1,0.23,1,0,0.005,7.6,1.58,32.3,struggling
FM0213,James Wanjiku,0739465270,2024-03-23,36,M,Uasin Gishu,7.91,0.733,0.004,0.62,29,0.448,0.5,4,0,1,0.641,2,0,0.232,25.99,0.7,90.5,average
FM0214,Faith Wanjiku,0754301059,2025-02-02,38,F,Uasin Gishu,4.83,0.523,-0.028,0.773,33,0.074,1.0,4,0,1,0.563,1,1,0.284,-16.98,0.52,87.3,average
FM0215,Faith Wambui,0754827081,2024-03-27,55,M,Meru,2.43,0.954,0.121,0.751,37,0.257,1.0,3,0,3,0.6,2,0,0.304,2.92,1.39,82.1,average
FM0216,Grace Wambui,0796931318,2025-01-26,50,F,Bungoma,2.11,0.633,0.003,0.802,26,0.591,0.5,4,0,3,0.539,2,1,0.0,-3.61,2.51,92.7,average
FM0217,Peter Achieng,0750068499,2024-05-29,53,M,Meru,1.87,0.608,-0.065,0.84,46,0.128,0.5,3,1,1,0.648,1,0,0.338,-4.21,2.53,83.9,average
FM0218,Grace Mwangi,0766697711,2023-12-10,46,M,Meru,1.27,0.542,-0.068,0.758,34,0.475,1.0,4,1,0,0.746,1,0,0.333,-19.65,1.71,100.0,average
FM0219,Peter Kamau,0715194144,2024-09-19,46,F,Kiambu,4.13,0.417,-0.077,0.836,41,0.629,1.0,3,1,6,0.766,2,0,0.258,1.12,0.94,97.7,average
FM0220,John Mwangi,0710104587,2025-01-14,37,F,Meru,4.19,0.253,0.031,0.551,9,0.136,0.5,2,0,0,0.345,1,0,0.258,2.54,2.55,53.3,struggling
FM0221,John Njeri,0701034023,2024-07-09,53,M,Kiambu,2.67,0.744,-0.098,0.761,38,0.164,1.0,3,1,2,0.516,2,0,0.3,-3.65,5.08,98.4,average
FM0222,Mary Kiprotich,0763459004,2024-11-29,43,M,Kiambu,1.75,0.299,0.022,0.33,17,0.055,0.0,1,0,0,0.284,1,0,0.128,-6.24,1.67,30.8,struggling
FM0223,Sarah Mwangi,0728850620,2025-09-13,30,M,Bungoma,6.34,0.895,0.025,0.994,52,0.476,1.0,5,1,5,0.889,2,1,0.376,3.45,-0.09,100.0,excellent
FM0224,John Njeri,0742224873,2024-05-04,51,F,Bungoma,19.44,0.607,-0.056,0.78,35,0.358,1.0,4,1,2,0.764,1,1,0.0,-16.39,1.28,100.0,average
FM0225,Mary Mwangi,0741816801,2023-11-22,31,F,Uasin Gishu,8.24,0.337,-0.067,0.501,13,0.2,0.0,2,0,0,0.338,1,0,0.463,-27.94,3.75,46.1,struggling
FM0226,Peter Kamau,0743985572,2025-02-09,37,F,Uasin Gishu,2.77,0.53,-0.184,0.544,17,0.009,0.0,2,0,1,0.46,1,0,0.382,-18.4,2.51,40.6,struggling
FM0227,David Wambui,0737425981,2025-02-02,51,F,Nakuru,2.29,0.56,-0.138,0.303,19,0.259,0.5,1,0,0,0.337,1,0,0.298,-3.74,0.79,42.6,struggling
FM0228,Mary Kamau,0715221492,2024-01-17,64,M,Meru,1.05,0.949,0.085,0.922,37,0.519,1.0,4,1,6,0.887,3,1,0.405,-8.5,1.31,100.0,excellent
FM0229,Faith Achieng,0716669382,2024-06-04,53,M,Meru,4.1,0.35,0.221,0.69,35,0.421,1.0,4,0,1,0.681,1,1,0.267,12.35,2.04,91.6,average
FM0230,Mary Wanjiku,0710293122,2024-10-30,28,M,Meru,17.37,0.71,0.04,0.853,52,0.371,1.0,5,1,5,0.932,2,1,0.237,-2.31,1.89,100.0,excellent
FM0231,Grace Wanjiku,0718274332,2024-10-05,58,F,Nakuru,3.3,0.376,-0.206,0.527,12,0.229,0.0,2,0,1,0.385,1,0,0.321,4.57,1.34,48.5,struggling
FM0232,Peter Achieng,0767577027,2025-05-21,49,M,Bungoma,5.65,0.321,0.043,0.667,41,0.296,0.5,4,1,1,0.713,2,0,0.093,10.15,1.89,98.3,average
FM0233,Peter Njeri,0712779593,2024-01-03,25,M,Meru,4.69,0.468,-0.149,0.783,38,0.075,1.0,3,0,1,0.705,2,1,0.479,12.99,-0.58,79.0,average
FM0234,David Njeri,0736692309,2025-05-21,28,F,Nakuru,3.55,0.827,0.049,0.961,61,0.525,1.0,4,1,4,0.931,2,1,0.134,2.38,0.44,100.0,excellent
FM0235,John Njeri,0791528977,2024-12-23,64,M,Bungoma,14.35,0.668,0.049,0.606,32,0.229,1.0,4,1,0,0.626,2,0,0.014,0.09,1.28,100.0,average
FM0236,Samuel Wanjiku,0706060297,2023-12-31,44,F,Meru,3.09,0.73,-0.022,0.9,51,0.598,1.0,4,1,5,0.986,2,1,0.336,6.09,0.77,100.0,excellent
FM0237,David Kamau,0749633572,2024-06-03,27,F,Bungoma,12.96,0.612,0.025,0.901,47,0.471,1.0,4,1,4,0.982,2,1,0.25,16.85,-0.41,100.0,excellent
FM0238,Peter Kamau,0711030140,2024-03-07,37,F,Meru,5.39,0.625,-0.008,0.682,29,0.203,1.0,4,0,2,0.766,2,0,0.133,-19.82,2.1,99.3,average
FM0239,Grace Maina,0737458301,2024-12-25,32,M,Bungoma,4.67,0.792,0.069,0.947,62,0.672,1.0,4,1,3,0.921,2,1,0.051,12.39,0.89,100.0,excellent
FM0240,Lucy Maina,0718502049,2024-01-20,38,F,Bungoma,5.33,0.331,0.083,0.486,19,0.088,0.0,2,0,1,0.254,1,0,0.094,10.03,1.45,44.2,struggling
FM0241,Peter Maina,0773825351,2025-01-31,42,M,Meru,2.04,0.726,0.017,0.874,63,0.394,1.0,4,1,4,0.879,3,1,0.015,-26.4,3.49,100.0,excellent
FM0242,David Kiprotich,0717064465,2024-05-27,62,M,Uasin Gishu,4.07,0.28,-0.071,0.587,18,0.036,0.5,1,0,0,0.455,1,0,0.452,-14.11,2.99,38.6,struggling
FM0243,David Kiprotich,0750149723,2025-02-09,57,M,Meru,13.98,0.975,0.069,0.964,46,0.689,1.0,5,1,3,0.813,3,1,0.224,-11.97,1.44,100.0,excellent
FM0244,John Wanjiku,0780406830,2024-04-08,46,M,Kiambu,4.04,0.555,-0.092,0.839,32,0.4,0.5,3,1,1,0.566,1,0,0.087,1.07,1.36,84.8,average
FM0245,Faith Maina,0729278276,2025-02-07,45,F,Meru,7.02,0.813,-0.029,0.877,62,0.664,1.0,4,1,5,0.919,3,1,0.321,-16.72,0.62,100.0,excellent
FM0246,Faith Njeri,0702203087,2024-04-22,28,F,Meru,2.86,0.835,0.008,0.774,35,0.275,0.5,3,0,4,0.758,2,0,0.13,-2.94,2.29,80.4,average
FM0247,Peter Kamau,0786039963,2025-01-15,62,M,Bungoma,5.46,0.73,-0.026,0.722,32,0.373,0.5,4,0,2,0.565,1,0,0.078,1.41,1.95,94.5,average
FM0248,Faith Maina,0777178990,2025-02-09,46,F,Bungoma,5.88,0.543,-0.066,0.779,42,0.363,1.0,4,1,2,0.57,2,1,0.018,5.11,-0.5,100.0,average
FM0249,David Njeri,0798439431,2024-04-27,27,F,Bungoma,1.02,0.657,0.103,0.706,31,0.559,1.0,3,0,1,0.675,2,0,0.0,-9.24,1.77,83.9,average
FM0250,John Wanjiku,0702836934,2024-11-03,59,M,Nakuru,2.6,0.751,0.072,0.93,46,0.368,1.0,5,1,2,0.838,3,1,0.082,-17.48,2.75,100.0,excellent
FM0251,Lucy Wanjiku,0708890111,2024-07-02,44,M,Kiambu,1.62,0.869,0.051,0.86,60,0.751,1.0,5,1,7,0.973,3,1,0.335,-13.5,0.82,100.0,excellent
FM0252,Sarah Kiprotich,0746003456,2023-11-24,37,M,Meru,1.71,0.795,-0.066,0.784,40,0.142,1.0,4,0,1,0.722,2,1,0.385,-6.52,1.22,95.2,average
FM0253,Mary Njeri,0729077102,2025-03-05,25,M,Kiambu,1.15,0.333,-0.105,0.343,20,0.306,0.5,1,0,1,0.217,1,0,0.406,4.32,0.42,33.3,struggling
FM0254,John Kiprotich,0719114315,2023-11-05,51,M,Bungoma,0.92,0.878,-0.013,0.792,20,0.335,1.0,4,1,2,0.525,2,0,0.069,15.1,-0.5,100.0,average
FM0255,Samuel Achieng,0724662982,2025-08-16,35,F,Nakuru,1.91,0.895,0.055,0.978,49,0.403,1.0,4,1,3,0.938,3,1,0.212,-7.91,0.93,100.0,excellent
FM0256,John Maina,0725156918,2024-02-21,26,F,Uasin Gishu,3.33,0.597,-0.084,0.798,45,0.303,0.5,3,1,1,0.619,1,1,0.435,-2.15,-0.91,84.8,average
FM0257,James Wanjiku,0758201989,2024-03-05,62,F,Uasin Gishu,1.58,0.727,-0.157,0.308,19,0.069,0.5,2,0,1,0.416,1,0,0.416,-14.07,2.98,58.4,struggling
FM0258,Samuel Kamau,0750014457,2024-08-18,49,F,Meru,4.3,0.252,0.03,0.579,13,0.158,0.0,2,0,0,0.297,1,0,0.356,1.68,2.1,42.7,struggling
FM0259,David Kiprotich,0740901228,2025-04-16,37,M,Bungoma,7.19,0.823,-0.113,0.666,28,0.581,1.0,4,1,3,0.706,2,0,0.247,18.85,3.14,100.0,average
FM0260,James Wanjiku,0701115059,2025-09-05,50,M,Bungoma,2.57,0.613,-0.241,0.348,22,0.174,0.0,2,0,1,0.36,1,0,0.234,18.91,1.55,45.4,struggling
FM0261,David Wambui,0799139518,2024-06-12,40,M,Kiambu,0.89,0.057,-0.067,0.427,14,0.042,0.0,1,0,2,0.307,1,0,0.163,2.63,2.5,13.1,struggling
FM0262,James Achieng,0713728195,2025-04-22,30,F,Bungoma,8.58,0.872,0.083,0.866,58,0.343,1.0,5,1,8,0.876,2,1,0.122,-3.6,2.8,100.0,excellent
FM0263,John Kamau,0720288665,2023-11-06,53,M,Nakuru,3.47,0.823,-0.091,0.956,62,0.566,1.0,5,1,9,0.988,2,1,0.392,-1.44,-0.2,100.0,excellent
FM0264,James Achieng,0750071428,2025-09-07,52,F,Nakuru,9.94,0.915,0.128,0.911,53,0.219,1.0,4,1,8,0.992,3,1,0.174,-2.22,0.1,100.0,excellent
FM0265,John Wanjiku,0734916702,2025-05-11,31,M,Bungoma,3.41,0.81,0.011,0.702,27,0.336,1.0,4,1,0,0.78,2,1,0.124,0.83,1.63,100.0,average
FM0266,Peter Kamau,0789458698,2024-02-27,36,M,Kiambu,1.79,0.4,0.002,0.573,23,0.101,0.5,2,0,0,0.228,1,0,0.237,24.26,2.22,51.3,struggling
FM0267,Peter Wanjiku,0735577294,2025-06-03,40,F,Uasin Gishu,4.32,0.507,0.007,0.774,39,0.396,0.5,3,0,2,0.731,2,0,0.4,-15.97,1.3,71.6,average
FM0268,Grace Wanjiku,0751640044,2024-08-30,42,M,Bungoma,15.61,0.525,-0.206,0.414,18,0.25,0.0,2,0,1,0.454,1,0,0.17,19.7,0.95,55.1,struggling
FM0269,Mary Kiprotich,0796530001,2025-02-24,41,F,Bungoma,2.54,0.811,-0.037,0.926,61,0.695,1.0,4,1,4,0.961,2,1,0.231,13.64,1.96,100.0,excellent
FM0270,James Kamau,0766269208,2023-12-07,48,M,Kiambu,45.66,0.86,-0.03,0.844,32,0.211,0.5,4,1,3,0.604,2,0,0.118,3.14,2.16,100.0,average
FM0271,Peter Wanjiku,0754775386,2025-07-12,55,M,Bungoma,1.06,0.8,0.056,0.818,24,0.118,0.5,3,1,4,0.639,2,1,0.023,19.34,0.16,71.3,average
FM0272,James Kamau,0758588216,2023-11-04,35,F,Bungoma,5.0,0.27,-0.092,0.318,13,0.215,0.0,1,0,1,0.495,1,0,0.198,25.56,1.37,29.9,struggling
FM0273,Sarah Kiprotich,0710290759,2024-07-12,57,M,Meru,2.12,0.634,0.053,0.659,33,0.119,1.0,3,0,2,0.761,2,0,0.29,9.3,-1.87,84.8,average
FM0274,John Kiprotich,0706516682,2024-02-13,34,F,Uasin Gishu,2.29,0.647,-0.172,0.687,29,0.228,1.0,4,0,1,0.683,1,0,0.201,7.45,5.11,96.5,average
FM0275,James Maina,0709397333,2024-06-14,36,F,Nakuru,2.59,0.653,-0.034,0.715,44,0.329,1.0,3,1,1,0.678,1,0,0.259,-9.31,-1.68,97.3,average
FM0276,Sarah Kamau,0783817256,2025-04-13,45,M,Kiambu,1.62,0.733,0.051,0.955,57,0.344,1.0,4,1,6,0.81,2,1,0.342,12.5,0.1,100.0,excellent
FM0277,Faith Wambui,0752454768,2025-08-17,48,M,Nakuru,3.24,0.935,-0.004,0.961,53,0.773,1.0,4,1,2,0.809,3,1,0.197,1.44,2.34,100.0,excellent
FM0278,James Kiprotich,0756334388,2024-10-13,32,F,Uasin Gishu,2.61,0.777,0.043,0.892,54,0.442,1.0,4,1,12,0.934,2,1,0.378,-22.52,1.54,100.0,excellent
FM0279,Grace Njeri,0797460236,2025-09-28,50,M,Nakuru,3.86,0.568,-0.002,0.7,43,0.211,1.0,3,1,2,0.542,2,0,0.021,-25.26,1.09,95.0,average
FM0280,Lucy Wanjiku,0751385228,2025-04-06,61,M,Uasin Gishu,1.28,0.317,-0.107,0.57,15,0.214,0.5,2,0,0,0.49,1,0,0.292,-21.51,1.5,55.1,struggling
FM0281,Samuel Maina,0706141092,2025-02-01,28,M,Uasin Gishu,5.59,0.819,0.09,0.635,29,0.363,1.0,4,1,1,0.594,2,0,0.29,-21.31,2.83,100.0,average
FM0282,Lucy Wambui,0704859648,2025-01-01,33,F,Nakuru,3.74,0.736,0.037,0.831,29,0.171,1.0,4,1,3,0.61,2,1,0.318,-4.31,2.57,100.0,average
FM0283,Faith Kiprotich,0795636349,2025-01-28,40,F,Nakuru,3.36,0.61,-0.117,0.371,15,0.126,0.0,1,0,1,0.225,1,0,0.114,1.78,0.94,28.1,struggling
FM0284,David Mwangi,0792769184,2025-01-30,50,F,Bungoma,2.32,0.952,0.081,0.641,30,0.194,1.0,4,0,4,0.672,2,0,0.0,6.14,0.31,98.9,average
FM0285,Faith Kiprotich,0706416153,2024-04-09,37,F,Kiambu,5.63,0.67,0.063,0.745,28,0.115,1.0,4,1,3,0.584,1,0,0.109,-6.33,0.6,100.0,average
FM0286,James Wambui,0789555533,2024-10-29,36,M,Kiambu,1.51,0.837,0.061,0.624,37,0.273,1.0,3,1,3,0.634,2,1,0.114,-2.2,1.02,100.0,average
FM0287,Mary Kamau,0722884041,2025-08-03,26,F,Meru,1.61,0.442,0.152,0.578,15,0.089,0.5,2,0,2,0.457,1,0,0.241,-1.7,3.75,49.9,struggling
FM0288,Grace Wanjiku,0785486628,2025-09-17,51,M,Kiambu,1.21,0.846,-0.103,0.751,32,0.653,0.5,4,1,2,0.537,2,1,0.213,-1.32,2.36,100.0,average
FM0289,John Kamau,0712165951,2024-01-19,57,F,Kiambu,1.69,0.83,0.037,0.855,58,0.685,1.0,5,1,2,0.807,3,1,0.143,5.88,-0.95,100.0,excellent
FM0290,Mary Kamau,0781838894,2024-05-16,43,F,Uasin Gishu,1.7,0.894,0.025,0.965,58,0.607,1.0,4,1,5,0.917,2,1,0.391,-19.41,3.18,100.0,excellent
FM0291,Sarah Njeri,0716551253,2024-05-24,47,M,Meru,1.58,0.59,-0.009,0.687,39,0.255,0.5,4,0,4,0.58,2,0,0.534,-0.92,-2.37,83.2,average
FM0292,James Maina,0737529652,2024-07-26,48,F,Kiambu,1.05,0.621,-0.01,0.767,50,0.102,1.0,3,1,3,0.592,1,1,0.117,9.4,1.4,100.0,average
FM0293,James Wanjiku,0755398763,2025-05-19,64,M,Uasin Gishu,3.22,0.546,0.099,0.909,67,0.376,1.0,5,1,3,0.813,3,1,0.543,-21.03,2.87,100.0,excellent
FM0294,James Wanjiku,0727255938,2024-10-09,53,M,Bungoma,3.41,0.529,0.073,0.659,35,0.237,1.0,3,0,3,0.671,2,1,0.0,14.96,0.18,85.5,average
FM0295,James Wambui,0783851677,2024-12-27,35,M,Kiambu,1.58,0.879,-0.092,0.747,38,0.317,0.5,3,0,2,0.725,1,1,0.13,4.87,1.84,88.7,average
FM0296,David Kamau,0705420278,2025-08-26,41,M,Kiambu,6.71,0.412,-0.03,0.795,39,0.343,1.0,3,1,5,0.787,2,0,0.23,3.3,-1.29,99.6,average
FM0297,Lucy Achieng,0727883393,2025-06-12,49,M,Nakuru,0.78,0.336,0.096,0.574,11,0.098,0.5,1,0,1,0.327,1,0,0.247,-23.27,2.73,30.9,struggling
FM0298,John Achieng,0713865640,2025-01-03,27,M,Nakuru,2.21,0.494,0.032,0.722,46,0.637,1.0,3,0,2,0.69,2,1,0.153,6.21,3.9,100.0,average
FM0299,James Njeri,0755162316,2024-01-19,25,M,Meru,2.21,0.771,0.097,0.979,66,0.406,1.0,4,1,6,0.832,2,1,0.361,-23.59,-0.12,100.0,excellent
FM0300,Samuel Maina,0704390741,2025-05-08,36,F,Meru,2.89,0.439,-0.079,0.795,42,0.237,1.0,4,0,2,0.603,2,1,0.391,-17.87,3.92,87.4,average
FM0301,James Kamau,0785221444,2024-02-03,32,F,Bungoma,1.02,0.573,-0.147,0.306,11,0.139,0.5,1,0,0,0.473,1,0,0.098,-15.59,0.23,50.9,struggling
FM0302,John Maina,0747160748,2025-07-20,39,F,Nakuru,22.35,0.348,0.01,0.453,18,0.232,0.0,1,0,1,0.465,1,0,0.141,-3.11,2.64,31.4,struggling
FM0303,David Maina,0765505013,2024-10-27,43,M,Meru,11.19,0.818,0.081,0.863,45,0.367,1.0,4,1,6,0.992,3,1,0.343,-3.75,-0.17,100.0,excellent
FM0304,John Kiprotich,0788696357,2024-09-16,63,M,Meru,16.75,0.717,-0.018,0.602,35,0.153,1.0,3,0,1,0.696,2,0,0.255,-19.66,1.11,97.0,average
FM0305,Lucy Wambui,0794110982,2024-05-13,41,F,Nakuru,1.03,0.735,0.157,0.623,34,0.476,0.5,4,1,4,0.604,2,0,0.182,-7.06,-0.55,98.9,average
FM0306,Lucy Wanjiku,0751053948,2024-10-20,34,F,Nakuru,14.55,0.884,-0.054,0.812,39,0.355,1.0,3,1,3,0.609,2,1,0.454,-5.83,1.75,98.2,average
FM0307,Mary Wambui,0799400507,2024-10-19,38,F,Uasin Gishu,2.89,0.299,-0.131,0.573,11,0.153,0.0,1,0,1,0.419,1,0,0.172,-15.33,0.35,29.1,struggling
FM0308,David Wanjiku,0728143483,2024-08-20,49,F,Bungoma,11.04,0.881,0.063,0.898,61,0.427,1.0,5,1,5,0.97,2,1,0.118,22.4,1.56,100.0,excellent
FM0309,Peter Njeri,0724823750,2025-07-12,25,M,Meru,3.32,0.607,-0.036,0.732,34,0.248,1.0,4,0,1,0.725,2,1,0.289,-13.55,0.02,99.5,average
FM0310,John Achieng,0732070617,2025-07-23,56,M,Bungoma,2.7,0.548,-0.057,0.651,50,0.278,0.5,3,1,2,0.746,1,0,0.0,-12.36,3.34,87.0,average
FM0311,Grace Wambui,0746632865,2024-10-06,25,F,Meru,28.94,0.73,0.097,0.664,37,0.325,1.0,3,1,2,0.555,1,1,0.306,-2.58,-1.48,100.0,average
FM0312,Lucy Wambui,0714808369,2025-08-04,42,F,Meru,0.91,0.535,0.098,0.331,14,0.162,0.0,1,0,0,0.402,1,0,0.429,-10.75,0.65,32.0,struggling
FM0313,James Mwangi,0782079634,2025-07-14,47,F,Nakuru,0.72,0.772,0.103,0.62,34,0.155,1.0,3,1,1,0.707,2,0,0.011,-1.99,-0.16,99.3,average
FM0314,James Wanjiku,0745544667,2025-06-17,60,M,Kiambu,11.16,0.736,0.057,0.763,42,0.373,1.0,3,0,0,0.725,1,1,0.321,-17.64,-0.35,90.7,average
FM0315,Faith Njeri,0721962053,2023-12-22,45,F,Uasin Gishu,1.11,0.818,0.037,0.903,49,0.608,1.0,4,1,6,0.944,2,1,0.21,-27.54,0.98,100.0,excellent
FM0316,Sarah Wanjiku,0786990712,2024-06-01,34,F,Meru,1.09,0.173,-0.101,0.507,11,0.146,0.5,2,0,1,0.352,1,0,0.324,-22.98,1.2,43.6,struggling
FM0317,Lucy Mwangi,0738775659,2023-11-24,25,F,Nakuru,4.96,0.362,-0.081,0.512,15,0.074,0.0,1,0,0,0.28,1,0,0.251,17.38,1.02,32.0,struggling
FM0318,Peter Kiprotich,0718674894,2023-11-15,33,M,Bungoma,1.21,0.193,-0.185,0.35,9,0.237,0.5,1,0,0,0.29,1,0,0.0,13.22,0.53,36.3,struggling
FM0319,Lucy Njeri,0716335839,2025-06-14,61,M,Uasin Gishu,3.0,0.307,0.021,0.61,32,0.538,1.0,3,1,3,0.737,2,0,0.475,3.76,4.29,83.9,average
FM0320,Mary Kamau,0783926831,2025-03-08,29,F,Bungoma,5.04,0.62,0.051,0.712,42,0.251,0.5,3,1,4,0.731,1,1,0.0,0.76,1.59,88.3,average
FM0321,Faith Wambui,0757251991,2024-09-04,43,M,Kiambu,1.24,0.494,-0.052,0.368,14,0.107,0.0,1,0,0,0.252,1,0,0.046,-6.06,3.01,43.8,struggling
FM0322,David Wanjiku,0799509159,2024-09-14,55,M,Kiambu,1.61,0.814,-0.005,0.647,36,0.15,1.0,4,1,0,0.631,1,0,0.227,-5.17,1.09,100.0,average
FM0323,Sarah Achieng,0796739632,2025-02-10,41,F,Meru,4.35,0.624,0.021,0.71,41,0.401,1.0,4,1,1,0.762,1,0,0.357,-14.48,-1.73,100.0,average
FM0324,Lucy Wambui,0752521113,2024-03-10,63,F,Kiambu,3.68,0.726,0.003,0.736,32,0.116,1.0,3,1,2,0.76,2,0,0.23,-7.66,2.48,97.7,average
FM0325,David Kamau,0741178192,2024-01-24,26,F,Uasin Gishu,1.5,0.412,0.041,0.603,34,0.126,1.0,3,0,0,0.786,1,1,0.036,-2.06,2.24,86.8,average
FM0326,James Maina,0732449991,2024-11-21,42,M,Kiambu,5.39,0.874,0.059,0.959,47,0.449,1.0,4,1,6,0.835,3,1,0.217,-15.45,0.96,100.0,excellent
FM0327,Faith Kamau,0782506582,2025-05-06,64,M,Uasin Gishu,7.5,0.502,-0.041,0.829,34,0.122,1.0,4,1,2,0.745,2,0,0.467,5.88,0.47,100.0,average
FM0328,Mary Mwangi,0721467352,2025-01-28,39,M,Uasin Gishu,5.77,0.794,-0.015,0.91,45,0.365,1.0,5,1,7,0.935,2,1,0.211,-11.12,1.76,100.0,excellent
FM0329,Samuel Wambui,0768008185,2025-06-28,41,F,Uasin Gishu,6.29,0.311,-0.018,0.512,14,0.261,0.0,1,0,1,0.269,1,0,0.603,-22.54,1.77,24.2,struggling
FM0330,Mary Kiprotich,0724510575,2023-11-18,34,M,Uasin Gishu,3.29,0.26,-0.004,0.518,13,0.019,0.0,1,0,0,0.32,1,0,0.339,6.06,1.29,26.6,struggling
FM0331,Lucy Wambui,0710604336,2023-11-17,34,M,Nakuru,7.77,0.639,-0.018,0.685,36,0.215,1.0,3,1,2,0.713,2,1,0.212,-12.29,0.84,98.2,average
FM0332,James Maina,0755872558,2025-07-08,55,M,Meru,2.72,0.761,0.108,0.625,24,0.56,1.0,3,1,4,0.601,2,0,0.177,-20.49,3.05,94.7,average
FM0333,Mary Kamau,0710932492,2024-06-04,51,F,Uasin Gishu,4.0,0.803,0.081,0.924,55,0.719,1.0,4,1,8,0.83,3,1,0.378,-11.6,0.92,100.0,excellent
FM0334,John Wambui,0742739591,2025-06-05,64,M,Kiambu,1.57,0.728,0.046,0.775,31,0.302,1.0,3,1,1,0.544,2,0,0.194,8.01,2.41,100.0,average
FM0335,Mary Wanjiku,0704512781,2025-01-28,41,M,Nakuru,1.94,0.809,0.099,0.618,29,0.342,0.5,4,1,4,0.75,2,0,0.11,-9.13,1.93,100.0,average
FM0336,Mary Wambui,0701035670,2024-01-31,58,M,Nakuru,3.39,0.754,0.005,0.682,38,0.432,1.0,3,1,1,0.54,2,0,0.106,-9.13,2.22,100.0,average
FM0337,Mary Njeri,0783305884,2024-04-12,37,M,Nakuru,1.97,0.748,-0.003,0.663,32,0.208,1.0,3,1,0,0.531,2,0,0.175,-24.26,4.18,95.5,average
FM0338,John Njeri,0772608767,2024-02-05,61,F,Kiambu,1.48,0.632,0.049,0.834,43,0.469,1.0,4,1,5,0.74,2,0,0.218,-3.71,-0.13,100.0,average
FM0339,James Wanjiku,0713937356,2024-08-03,45,F,Kiambu,0.69,0.455,0.106,0.747,34,0.467,1.0,4,1,1,0.715,2,1,0.246,10.35,0.29,100.0,average
FM0340,Samuel Wambui,0775731518,2024-12-09,44,M,Meru,16.51,0.776,-0.075,0.373,12,0.155,0.5,2,0,1,0.453,1,0,0.447,-12.43,1.11,54.9,struggling
FM0341,Grace Mwangi,0783815529,2024-06-13,45,M,Kiambu,2.33,0.893,-0.0,0.93,52,0.566,1.0,4,1,10,0.971,3,1,0.181,-5.66,0.77,100.0,excellent
FM0342,Grace Achieng,0763456221,2024-08-30,38,M,Uasin Gishu,2.82,0.095,-0.025,0.336,17,0.154,0.0,1,0,1,0.261,1,0,0.421,-6.62,2.04,22.4,struggling
FM0343,Grace Kiprotich,0747265119,2025-07-27,36,F,Nakuru,6.76,0.582,0.053,0.704,26,0.241,1.0,4,0,2,0.798,1,0,0.149,3.83,2.27,96.4,average
FM0344,Peter Kiprotich,0723784392,2025-09-24,28,M,Bungoma,3.14,0.462,0.1,0.433,12,0.033,0.0,1,0,1,0.399,1,0,0.061,-14.07,3.62,34.2,struggling
FM0345,Faith Wanjiku,0735711373,2024-12-11,64,F,Uasin Gishu,3.87,0.245,-0.1,0.373,18,0.113,0.5,2,0,0,0.466,1,0,0.33,-14.05,2.23,45.3,struggling
FM0346,James Achieng,0730042249,2024-07-01,35,M,Bungoma,1.26,0.815,-0.043,0.925,51,0.426,1.0,5,1,7,0.879,3,1,0.204,0.67,2.09,100.0,excellent
FM0347,Peter Mwangi,0715831188,2025-06-06,34,M,Meru,2.4,0.437,-0.003,0.429,20,0.19,0.0,2,0,0,0.364,1,0,0.273,10.48,3.29,44.2,struggling
FM0348,Sarah Kamau,0770236677,2025-09-10,57,F,Bungoma,6.03,0.681,-0.027,0.818,39,0.28,1.0,3,1,1,0.717,1,1,0.196,19.09,1.31,100.0,average
FM0349,Lucy Mwangi,0749512219,2025-03-21,31,F,Nakuru,1.69,0.561,0.021,0.867,52,0.409,1.0,4,1,3,0.826,2,1,0.21,-9.89,-2.62,100.0,excellent
FM0350,James Njeri,0706120632,2024-05-13,30,F,Nakuru,5.55,0.745,-0.114,0.6,34,0.482,1.0,3,1,3,0.754,2,1,0.14,7.7,1.13,100.0,average
FM0351,Lucy Kamau,0718090000,2024-09-13,32,M,Kiambu,3.12,0.693,-0.016,0.949,66,0.422,1.0,5,1,2,0.936,3,1,0.008,-9.7,0.76,100.0,excellent
FM0352,Grace Maina,0778240182,2024-07-30,49,F,Kiambu,0.78,0.853,0.13,0.929,61,0.614,1.0,5,1,3,0.955,3,1,0.085,-5.46,-0.38,100.0,excellent
FM0353,Faith Kamau,0756381303,2025-02-25,39,M,Bungoma,4.13,0.837,0.047,0.762,36,0.194,1.0,3,1,3,0.734,2,0,0.218,2.73,2.88,100.0,average
FM0354,John Njeri,0715405230,2024-10-28,57,M,Nakuru,3.72,0.732,-0.055,0.767,33,0.128,1.0,4,1,0,0.692,1,0,0.0,12.1,2.5,100.0,average
FM0355,Lucy Kamau,0781149204,2024-10-25,28,M,Meru,9.3,0.945,0.099,0.992,64,0.466,1.0,5,1,7,0.865,2,1,0.321,-19.85,1.49,100.0,excellent
FM0356,Grace Maina,0739558907,2024-03-26,29,F,Kiambu,2.05,0.732,0.066,0.725,35,0.105,0.5,4,1,4,0.547,2,0,0.309,1.93,4.01,87.5,average
FM0357,Samuel Maina,0724899555,2025-02-01,30,M,Bungoma,1.92,0.119,-0.014,0.507,15,0.261,0.0,2,0,0,0.458,1,0,0.186,-5.89,2.3,37.7,struggling
FM0358,Grace Maina,0777320856,2023-11-02,53,F,Meru,1.38,0.64,0.019,0.774,31,0.358,1.0,3,0,1,0.797,2,0,0.254,-15.75,0.45,89.4,average
FM0359,James Kiprotich,0738230351,2025-08-12,45,M,Kiambu,3.54,0.65,-0.022,0.616,39,0.301,1.0,3,0,6,0.556,2,0,0.207,-4.03,2.73,96.1,average
FM0360,Grace Maina,0791129881,2024-03-14,35,M,Meru,0.44,0.978,0.013,0.993,51,0.514,1.0,5,1,5,0.883,3,1,0.258,-10.96,-1.37,100.0,excellent
FM0361,Lucy Achieng,0764696951,2024-09-09,48,F,Bungoma,1.69,0.855,0.038,0.967,60,0.594,1.0,5,1,2,0.878,2,1,0.105,11.88,2.32,100.0,excellent
FM0362,Sarah Wanjiku,0711264264,2023-12-11,59,M,Bungoma,1.45,0.539,0.137,0.934,50,0.161,1.0,5,1,4,0.852,2,1,0.059,7.54,2.55,100.0,excellent
FM0363,John Njeri,0740374110,2025-05-08,59,F,Meru,1.69,0.764,-0.029,0.616,36,0.226,1.0,3,1,3,0.55,1,1,0.36,-9.9,2.63,95.7,average
FM0364,Faith Achieng,0743259708,2025-04-21,39,M,Kiambu,6.49,0.531,0.046,0.434,13,0.295,0.0,2,0,0,0.301,1,0,0.119,-8.24,3.02,52.2,struggling
FM0365,James Wanjiku,0782379166,2025-02-22,41,F,Bungoma,12.94,0.803,0.066,0.657,38,0.195,1.0,3,1,0,0.561,2,1,0.0,-1.44,1.45,94.1,average
FM0366,Lucy Wambui,0700065197,2024-10-31,55,F,Bungoma,4.7,0.638,0.046,0.803,41,0.373,0.5,3,1,2,0.724,2,0,0.0,-8.65,1.42,90.9,average
FM0367,Mary Wanjiku,0794595829,2025-02-09,29,F,Kiambu,1.33,0.438,-0.073,0.398,10,0.115,0.5,2,0,0,0.308,1,0,0.21,7.7,3.76,49.1,struggling
FM0368,Faith Wambui,0709904053,2025-02-28,48,F,Bungoma,2.87,0.516,0.075,0.509,14,0.064,0.5,1,0,0,0.312,1,0,0.352,0.83,-0.81,50.9,struggling
FM0369,Peter Njeri,0754125378,2025-03-09,42,F,Uasin Gishu,1.9,0.398,0.02,0.84,34,0.367,1.0,3,1,0,0.613,1,0,0.366,-14.32,-0.17,83.6,average
FM0370,David Kamau,0769175326,2025-01-27,51,F,Bungoma,8.35,0.557,-0.129,0.836,43,0.272,1.0,3,0,3,0.6,2,0,0.0,10.32,-2.2,84.8,average
FM0371,Samuel Wambui,0741105641,2024-01-07,50,F,Kiambu,4.93,0.726,-0.077,0.725,51,0.155,0.5,3,1,3,0.762,2,0,0.125,-10.81,0.64,90.9,average
FM0372,Samuel Mwangi,0724403045,2024-03-24,39,M,Meru,1.27,0.378,0.097,0.653,34,0.364,1.0,4,1,3,0.715,2,0,0.1,-13.33,0.27,100.0,average
FM0373,David Kiprotich,0705704415,2024-09-06,25,F,Uasin Gishu,3.34,0.741,0.038,0.673,34,0.447,0.5,3,1,1,0.571,2,1,0.426,-23.32,2.45,95.7,average
FM0374,David Mwangi,0759009656,2024-12-30,63,M,Meru,6.13,0.204,-0.068,0.572,23,0.221,0.0,2,0,1,0.31,1,0,0.303,-5.36,-0.43,47.0,struggling
FM0375,John Maina,0794157912,2024-06-22,62,F,Meru,8.52,0.859,0.045,0.856,48,0.624,1.0,4,1,4,0.966,3,1,0.161,-3.68,1.7,100.0,excellent
FM0376,Grace Kiprotich,0780535130,2024-10-11,26,M,Bungoma,2.4,0.801,0.093,0.893,52,0.336,1.0,4,1,9,0.834,3,1,0.112,-5.01,2.61,100.0,excellent
FM0377,Faith Wambui,0784642781,2025-04-22,26,M,Bungoma,5.57,0.755,0.081,0.697,28,0.472,1.0,3,1,2,0.513,1,0,0.014,7.45,-0.36,98.1,average
FM0378,Peter Kiprotich,0738795320,2024-09-14,53,F,Kiambu,15.33,0.825,0.057,0.957,61,0.583,1.0,4,1,4,0.81,2,1,0.135,2.62,-0.48,100.0,excellent
FM0379,John Maina,0719657945,2024-12-30,54,F,Bungoma,3.83,0.718,0.094,0.832,32,0.301,1.0,3,0,1,0.595,2,0,0.097,-2.71,3.45,85.1,average
FM0380,John Kiprotich,0739113443,2024-02-21,55,F,Bungoma,1.64,0.487,-0.168,0.36,17,0.178,0.0,1,0,1,0.244,1,0,0.025,-3.68,2.51,45.8,struggling
FM0381,Samuel Njeri,0780252958,2024-01-26,27,F,Bungoma,1.25,0.525,-0.129,0.474,15,0.124,0.0,1,0,0,0.211,1,0,0.001,10.87,0.38,41.3,struggling
FM0382,Lucy Achieng,0722245973,2025-06-10,28,M,Uasin Gishu,1.61,0.766,-0.07,0.735,38,0.571,1.0,4,1,1,0.66,1,0,0.411,-18.6,3.45,100.0,average
FM0383,Samuel Wambui,0766251947,2024-10-06,27,M,Nakuru,2.95,0.675,-0.002,0.632,34,0.134,1.0,3,1,2,0.638,2,1,0.081,-15.66,0.27,93.0,average
FM0384,Faith Njeri,0719829249,2024-10-05,42,F,Nakuru,5.75,0.766,-0.022,0.306,18,0.078,0.0,1,0,0,0.386,1,0,0.227,-7.66,1.35,47.8,struggling
FM0385,Sarah Njeri,0746360754,2024-01-31,45,F,Nakuru,5.72,0.761,-0.053,0.862,55,0.471,1.0,4,1,8,0.922,3,1,0.432,-19.43,3.06,100.0,excellent
FM0386,Peter Wanjiku,0784061828,2024-12-22,30,M,Bungoma,5.59,0.847,0.075,0.883,63,0.492,1.0,4,1,4,0.878,3,1,0.213,-1.72,1.2,100.0,excellent
FM0387,Peter Achieng,0730803527,2024-02-02,43,F,Nakuru,3.67,0.72,-0.039,0.823,28,0.317,1.0,3,1,1,0.547,2,0,0.164,-25.55,0.47,100.0,average
FM0388,Grace Kamau,0729343834,2024-12-04,44,F,Meru,3.5,0.665,-0.12,0.711,38,0.499,1.0,3,1,0,0.694,2,1,0.32,-3.37,-0.03,99.9,average
FM0389,James Mwangi,0767045394,2025-08-16,27,M,Nakuru,4.34,0.788,0.071,0.868,65,0.396,1.0,4,1,4,0.854,2,1,0.222,0.8,2.01,100.0,excellent
FM0390,Sarah Wambui,0756912563,2024-08-19,53,M,Kiambu,5.54,0.794,-0.022,0.623,35,0.613,1.0,3,1,2,0.509,2,0,0.299,2.01,1.21,97.0,average
FM0391,John Kamau,0742117993,2024-01-28,46,F,Nakuru,5.56,0.563,-0.044,0.69,23,0.162,1.0,4,1,1,0.766,1,1,0.329,-3.68,0.76,98.7,average
FM0392,James Mwangi,0765089644,2024-11-11,38,M,Meru,31.85,0.76,0.113,0.963,54,0.324,1.0,5,1,8,0.912,3,1,0.293,-5.56,-0.41,100.0,excellent
FM0393,Faith Wanjiku,0799489466,2023-11-30,30,F,Nakuru,1.36,0.798,0.023,0.622,36,0.206,1.0,4,1,2,0.795,1,1,0.142,-5.12,0.54,100.0,average
FM0394,David Wambui,0708599469,2024-01-02,38,M,Meru,3.61,0.075,-0.179,0.38,13,0.097,0.5,1,0,0,0.459,1,0,0.184,-11.55,-2.47,35.1,struggling
FM0395,John Maina,0700855860,2024-05-30,58,F,Uasin Gishu,3.19,0.858,-0.008,0.637,38,0.469,1.0,3,1,0,0.598,2,1,0.274,0.99,3.51,100.0,average
FM0396,Mary Wanjiku,0704748065,2024-04-12,39,M,Bungoma,6.72,0.866,0.132,0.823,30,0.276,0.5,4,0,1,0.731,2,1,0.0,9.69,2.83,89.0,average
FM0397,John Achieng,0788677424,2024-07-09,47,F,Bungoma,2.97,0.626,-0.012,0.678,28,0.243,0.5,3,0,3,0.647,1,0,0.0,-2.34,2.12,71.8,average
FM0398,Peter Kamau,0712928708,2025-02-22,34,F,Kiambu,6.92,0.538,-0.035,0.518,19,0.153,0.0,1,0,0,0.248,1,0,0.082,-9.1,5.74,49.5,struggling
FM0399,John Achieng,0731508744,2024-06-30,44,F,Bungoma,5.41,0.538,-0.072,0.455,17,0.088,0.0,1,0,0,0.352,1,0,0.212,11.44,0.36,37.4,struggling
FM0400,Sarah Kamau,0778157681,2024-05-10,34,M,Uasin Gishu,3.39,0.877,-0.054,0.64,26,0.319,1.0,4,0,2,0.515,1,0,0.275,1.77,2.43,100.0,average
FM0401,David Mwangi,0729929513,2024-01-08,47,M,Kiambu,1.11,0.498,-0.015,0.529,14,0.108,0.0,2,0,0,0.328,1,0,0.244,0.77,1.24,39.8,struggling
FM0402,Grace Kiprotich,0794203633,2024-02-07,49,M,Nakuru,2.89,0.901,0.13,0.932,62,0.211,1.0,4,1,5,0.857,2,1,0.074,-1.22,2.91,100.0,excellent
FM0403,Faith Kamau,0785625284,2025-04-14,25,F,Uasin Gishu,1.9,0.577,0.062,0.833,39,0.218,1.0,3,1,1,0.678,2,0,0.224,-9.5,4.97,91.8,average
FM0404,Faith Wanjiku,0770195259,2024-01-03,43,M,Nakuru,4.92,0.081,-0.219,0.541,9,0.189,0.0,1,0,0,0.369,1,0,0.408,-9.61,1.78,21.9,struggling
FM0405,Mary Maina,0700651631,2024-05-27,35,M,Uasin Gishu,4.27,0.68,-0.106,0.687,46,0.298,1.0,3,1,2,0.636,2,0,0.353,-13.83,1.33,100.0,average
FM0406,Lucy Maina,0713111001,2025-07-04,41,M,Nakuru,12.29,0.813,0.088,0.662,41,0.246,0.5,3,0,0,0.796,1,1,0.346,-17.85,3.56,77.0,average
FM0407,Peter Wanjiku,0772922345,2024-11-16,43,F,Kiambu,1.46,0.739,0.035,0.638,30,0.284,1.0,3,1,0,0.792,2,1,0.173,-3.42,2.86,97.3,average
FM0408,James Njeri,0764014188,2024-12-29,56,M,Uasin Gishu,3.27,0.793,-0.072,0.351,13,0.079,0.0,1,0,0,0.463,1,0,0.429,-29.52,-0.64,28.2,struggling
FM0409,Grace Mwangi,0760168010,2024-05-10,41,M,Uasin Gishu,6.68,0.439,0.134,0.736,30,0.327,0.5,3,1,1,0.787,1,1,0.356,-0.32,1.79,76.7,average
FM0410,Lucy Njeri,0771296499,2025-01-22,34,M,Uasin Gishu,2.99,0.671,-0.037,0.824,47,0.134,1.0,3,1,0,0.512,2,0,0.343,1.63,2.14,99.2,average
FM0411,James Mwangi,0781135550,2024-01-29,47,M,Uasin Gishu,5.85,0.686,-0.029,0.69,34,0.51,1.0,3,1,2,0.785,1,0,0.511,-5.25,-1.69,100.0,average
FM0412,John Wambui,0708755148,2023-12-07,55,M,Nakuru,8.81,0.852,-0.005,0.708,35,0.263,1.0,3,1,1,0.707,2,1,0.189,-9.0,3.07,100.0,average
FM0413,Grace Wanjiku,0756455989,2025-08-15,56,F,Kiambu,2.26,0.89,0.123,0.924,66,0.482,1.0,4,1,5,0.96,2,1,0.006,20.95,2.07,100.0,excellent
FM0414,Grace Wambui,0789345603,2025-03-26,36,M,Bungoma,3.91,0.696,0.014,0.811,38,0.081,1.0,4,1,1,0.503,2,0,0.107,28.15,2.68,100.0,average
FM0415,Lucy Wambui,0795763125,2024-08-04,36,M,Meru,2.34,0.737,-0.027,0.709,36,0.111,1.0,4,1,2,0.702,1,0,0.376,1.86,1.58,100.0,average
FM0416,Sarah Wambui,0736821533,2025-05-29,42,F,Uasin Gishu,1.19,0.848,0.11,0.706,28,0.278,1.0,4,1,1,0.791,2,0,0.33,-11.61,2.78,100.0,average
FM0417,Grace Wambui,0707115375,2023-12-15,31,M,Bungoma,7.23,0.488,-0.181,0.843,31,0.374,0.5,3,0,2,0.761,2,0,0.118,1.33,3.56,72.8,average
FM0418,John Wanjiku,0745792904,2025-07-16,61,M,Kiambu,3.99,0.751,0.08,0.964,44,0.399,1.0,5,1,7,0.872,3,1,0.283,-26.81,3.82,100.0,excellent
FM0419,Grace Kiprotich,0736960165,2024-06-12,46,M,Nakuru,2.53,0.571,0.169,0.677,27,0.19,1.0,4,0,1,0.64,2,0,0.226,-1.25,-0.37,90.2,average
FM0420,James Maina,0791071735,2024-09-28,64,M,Uasin Gishu,9.03,0.654,-0.037,0.795,29,0.352,1.0,3,1,4,0.576,1,0,0.405,-5.8,2.39,100.0,average
FM0421,Mary Achieng,0750434666,2024-10-18,38,F,Meru,6.76,0.763,-0.102,0.723,43,0.419,1.0,3,1,0,0.764,2,0,0.385,8.04,0.62,100.0,average
FM0422,Faith Maina,0764609985,2025-04-04,60,M,Bungoma,2.22,0.803,0.115,0.931,52,0.639,1.0,4,1,7,0.911,3,1,0.097,-19.62,0.7,100.0,excellent
FM0423,Grace Mwangi,0781193369,2024-12-05,27,F,Nakuru,8.9,0.742,0.047,0.79,49,0.203,0.5,3,0,1,0.693,2,0,0.433,7.96,1.52,85.5,average
FM0424,Sarah Achieng,0768936880,2024-12-28,34,M,Bungoma,2.91,0.813,0.002,0.798,32,0.093,0.5,3,1,0,0.789,2,0,0.199,-1.24,-0.55,88.6,average
FM0425,Grace Maina,0725889380,2023-12-17,33,M,Bungoma,9.09,0.744,0.107,0.924,65,0.499,1.0,4,1,3,0.88,3,1,0.397,9.29,1.3,100.0,excellent
FM0426,Faith Maina,0766808100,2024-07-29,46,F,Kiambu,3.07,0.536,0.005,0.839,43,0.5,0.5,4,1,3,0.751,1,0,0.305,-6.28,1.65,97.6,average
FM0427,Mary Wambui,0750121218,2023-11-05,39,M,Uasin Gishu,3.98,0.499,-0.051,0.547,19,0.024,0.5,1,0,1,0.323,1,0,0.346,-8.87,4.29,43.2,struggling
FM0428,James Mwangi,0750854695,2024-12-20,44,M,Meru,3.82,0.88,0.046,0.617,39,0.131,0.5,3,1,1,0.595,1,0,0.398,-16.58,3.19,82.1,average
FM0429,James Wanjiku,0748331548,2024-08-09,44,M,Nakuru,0.88,0.865,-0.002,0.619,38,0.4,0.5,3,0,1,0.562,2,1,0.124,-0.81,-3.05,87.8,average
FM0430,Samuel Njeri,0711434838,2025-09-10,45,F,Bungoma,0.84,0.918,-0.046,0.662,36,0.369,1.0,4,0,5,0.572,1,1,0.019,28.15,1.81,98.5,average
FM0431,James Achieng,0701502228,2023-11-07,54,M,Bungoma,2.45,0.339,0.001,0.482,10,0.09,0.5,2,0,1,0.466,1,0,0.146,14.85,2.08,44.5,struggling
FM0432,John Mwangi,0744994285,2024-03-12,53,M,Kiambu,0.72,0.908,0.016,0.932,48,0.422,1.0,4,1,7,0.992,3,1,0.135,-0.78,2.16,100.0,excellent
FM0433,Peter Njeri,0792296724,2024-11-28,59,M,Nakuru,2.02,0.543,-0.094,0.61,45,0.161,1.0,3,0,1,0.715,2,0,0.0,-12.63,3.14,86.6,average
FM0434,Grace Achieng,0727458961,2025-04-08,60,M,Uasin Gishu,0.85,0.74,-0.042,0.97,61,0.232,1.0,4,1,4,0.98,2,1,0.369,-0.19,1.38,100.0,excellent
FM0435,Sarah Kiprotich,0787470404,2024-06-30,33,M,Uasin Gishu,2.23,0.644,-0.053,0.587,14,0.069,0.0,2,0,0,0.221,1,0,0.056,-24.27,1.97,45.9,struggling
FM0436,Samuel Maina,0795582377,2024-10-20,36,M,Meru,0.71,0.604,-0.088,0.652,39,0.406,1.0,4,1,3,0.536,2,0,0.195,-0.73,0.48,100.0,average
FM0437,Faith Mwangi,0797851344,2025-07-27,40,M,Bungoma,1.01,0.585,0.005,0.869,54,0.637,1.0,5,1,5,0.954,3,1,0.0,7.19,1.76,100.0,excellent
FM0438,Samuel Maina,0711901448,2025-07-22,50,M,Uasin Gishu,7.56,0.926,0.009,0.907,48,0.325,1.0,4,1,4,0.982,3,1,0.605,7.12,0.72,100.0,excellent
FM0439,Samuel Achieng,0748656141,2023-11-18,52,F,Uasin Gishu,4.7,0.494,-0.006,0.796,45,0.414,1.0,3,0,4,0.67,1,0,0.395,-0.08,2.18,87.4,average
FM0440,Samuel Wambui,0743305359,2025-02-26,25,F,Nakuru,4.24,0.819,-0.076,0.674,37,0.295,1.0,3,1,2,0.768,2,0,0.208,-9.13,1.77,100.0,average
FM0441,Samuel Achieng,0756164545,2025-05-17,27,M,Meru,5.65,0.439,-0.022,0.306,12,0.082,0.5,1,0,0,0.393,1,0,0.381,-14.99,1.47,41.3,struggling
FM0442,Peter Mwangi,0796884327,2024-04-08,59,F,Bungoma,8.08,0.149,0.013,0.419,16,0.173,0.5,1,0,1,0.478,1,0,0.069,-11.35,0.12,37.5,struggling
FM0443,Peter Achieng,0799441986,2024-12-16,26,F,Bungoma,2.18,0.446,-0.033,0.397,23,0.118,0.0,2,0,0,0.443,1,0,0.0,3.64,2.68,52.3,struggling
FM0444,Sarah Maina,0719214668,2024-12-28,32,M,Nakuru,3.19,0.846,-0.163,0.631,22,0.373,1.0,3,0,3,0.686,1,0,0.125,1.44,1.88,89.0,average
FM0445,James Mwangi,0767109678,2024-04-24,40,F,Uasin Gishu,8.22,0.344,-0.213,0.44,13,0.128,0.0,1,0,0,0.46,1,0,0.388,-22.58,1.77,27.4,struggling
FM0446,David Kiprotich,0753661502,2024-02-02,41,M,Nakuru,1.55,0.584,0.021,0.686,33,0.288,0.5,3,0,3,0.712,2,1,0.123,-12.41,4.83,73.5,average
FM0447,Sarah Wambui,0713288227,2024-09-07,31,M,Uasin Gishu,2.8,0.537,0.125,0.817,26,0.517,0.5,4,1,1,0.771,2,0,0.374,-24.87,0.46,90.1,average
FM0448,Sarah Wambui,0742943638,2025-06-12,64,F,Nakuru,2.3,0.673,0.103,0.661,35,0.474,1.0,4,1,2,0.739,1,0,0.147,-4.11,-0.87,100.0,average
FM0449,Lucy Wambui,0723714225,2024-02-02,49,M,Uasin Gishu,2.06,0.619,-0.006,0.758,35,0.384,1.0,3,1,1,0.589,2,1,0.342,3.9,1.24,98.4,average
FM0450,Sarah Kamau,0794274345,2025-09-30,47,F,Meru,2.38,0.457,0.046,0.776,34,0.095,1.0,4,1,0,0.629,2,1,0.472,-16.83,4.04,97.9,average
FM0451,Mary Mwangi,0797093426,2025-01-30,33,M,Meru,9.55,0.572,0.049,0.649,28,0.415,0.5,3,1,1,0.59,1,0,0.377,6.98,0.1,86.6,average
FM0452,Mary Kamau,0758619543,2024-09-11,30,M,Kiambu,5.85,0.714,0.042,0.641,37,0.1,0.5,4,0,2,0.665,1,0,0.366,-4.47,1.81,85.3,average
FM0453,David Mwangi,0783200226,2025-03-29,39,M,Uasin Gishu,4.42,0.414,0.101,0.658,43,0.336,0.5,3,0,2,0.68,2,0,0.268,-20.62,0.75,84.1,average
FM0454,James Achieng,0722160909,2024-12-01,53,M,Kiambu,2.53,0.675,0.089,0.774,32,0.228,1.0,4,1,0,0.731,1,1,0.181,-2.53,2.52,100.0,average
FM0455,Mary Kiprotich,0762481518,2025-07-13,28,F,Nakuru,2.64,0.901,-0.088,0.84,41,0.16,1.0,4,0,0,0.648,1,0,0.237,-26.65,-0.91,100.0,average
FM0456,John Njeri,0728600505,2025-03-10,38,M,Kiambu,6.03,0.688,0.038,0.621,31,0.48,0.5,3,0,6,0.78,2,0,0.137,1.07,0.69,87.4,average
FM0457,John Kiprotich,0700451420,2024-06-06,51,M,Nakuru,2.13,0.309,-0.084,0.448,16,0.172,0.5,2,0,0,0.472,1,0,0.083,-4.97,0.71,47.4,struggling
FM0458,James Maina,0752211063,2025-08-01,60,F,Kiambu,8.39,0.892,0.015,0.952,66,0.44,1.0,4,1,3,0.841,2,1,0.077,-2.29,1.75,100.0,excellent
FM0459,James Kiprotich,0794725038,2024-08-31,57,M,Bungoma,3.19,0.951,0.05,0.899,52,0.549,1.0,4,1,5,0.852,3,1,0.092,12.59,-0.17,100.0,excellent
FM0460,Sarah Achieng,0712530719,2023-12-14,62,M,Uasin Gishu,3.01,0.639,0.121,0.936,50,0.629,1.0,5,1,1,0.987,3,1,0.647,-2.16,2.16,100.0,excellent
FM0461,James Kiprotich,0785015797,2024-03-22,25,M,Kiambu,7.39,0.682,0.059,0.928,42,0.575,1.0,5,1,6,0.816,3,1,0.346,8.58,0.87,100.0,excellent
FM0462,James Wambui,0740750734,2023-11-02,35,M,Bungoma,1.89,0.806,0.121,0.851,58,0.307,1.0,5,1,6,0.862,2,1,0.031,7.04,-0.23,100.0,excellent
FM0463,David Mwangi,0782712644,2024-02-17,61,M,Meru,2.56,0.665,0.105,0.906,54,0.45,1.0,4,1,4,0.911,3,1,0.31,0.59,1.23,100.0,excellent
FM0464,Samuel Mwangi,0760500702,2025-07-23,59,M,Nakuru,1.49,0.844,0.005,0.982,53,0.701,1.0,4,1,4,0.832,2,1,0.213,-12.0,-0.25,100.0,excellent
FM0465,Peter Kiprotich,0720122757,2024-02-10,49,M,Meru,4.83,0.776,-0.095,0.843,34,0.488,1.0,3,0,1,0.54,2,1,0.255,-6.74,-0.33,90.1,average
FM0466,Faith Kamau,0712904572,2025-01-04,61,F,Meru,2.43,0.583,0.024,0.675,31,0.322,1.0,3,0,1,0.738,2,1,0.365,-13.95,0.95,91.2,average
FM0467,John Mwangi,0773222143,2024-04-13,46,M,Meru,11.15,0.675,0.101,0.89,45,0.705,1.0,4,1,5,0.921,2,1,0.368,-1.63,1.51,100.0,excellent
FM0468,Grace Achieng,0761540230,2024-03-28,64,M,Nakuru,9.75,0.745,-0.119,0.807,31,0.342,1.0,3,1,3,0.756,2,0,0.232,-19.68,-0.98,96.8,average
FM0469,David Wambui,0704534075,2024-04-05,41,M,Uasin Gishu,2.65,0.677,-0.134,0.741,41,0.151,0.5,3,1,5,0.69,2,1,0.377,-3.44,2.9,88.0,average
FM0470,John Kamau,0791416675,2024-11-11,33,F,Kiambu,4.0,0.907,-0.029,0.945,57,0.507,1.0,5,1,2,0.9,3,1,0.0,-9.12,2.72,100.0,excellent
FM0471,Sarah Achieng,0775044806,2024-07-14,54,F,Bungoma,7.39,0.689,0.026,0.762,32,0.24,1.0,3,0,1,0.524,2,0,0.184,5.19,2.37,77.7,average
FM0472,Grace Kamau,0706045000,2025-03-13,51,M,Nakuru,4.4,0.705,-0.04,0.527,14,0.088,0.0,2,0,0,0.38,1,0,0.16,12.41,5.76,47.6,struggling
FM0473,Samuel Maina,0758837534,2025-05-27,30,M,Nakuru,5.91,0.499,0.046,0.611,48,0.424,1.0,3,0,3,0.712,2,0,0.0,-0.76,1.37,98.9,average
FM0474,Peter Kamau,0751410491,2025-02-14,27,M,Meru,6.36,0.794,0.179,0.673,39,0.104,1.0,4,0,1,0.547,2,0,0.173,3.15,1.06,94.5,average
FM0475,John Wanjiku,0772427348,2024-11-22,32,M,Meru,1.59,0.551,0.075,0.671,33,0.091,1.0,3,1,0,0.63,2,1,0.241,-7.88,2.29,82.7,average
FM0476,Sarah Achieng,0763270258,2025-06-11,55,M,Nakuru,5.19,0.48,0.073,0.743,24,0.309,1.0,3,1,1,0.537,1,0,0.052,-11.47,-0.85,91.7,average
FM0477,Peter Kiprotich,0756583562,2025-06-27,39,F,Kiambu,8.33,0.806,0.128,0.803,40,0.106,1.0,3,0,1,0.789,2,0,0.151,5.24,4.76,92.8,average
FM0478,Grace Wambui,0780344300,2024-05-10,45,F,Nakuru,1.74,0.754,-0.027,0.845,39,0.196,1.0,4,0,2,0.513,2,0,0.205,0.54,3.16,100.0,average
FM0479,Mary Mwangi,0775212317,2024-05-24,34,M,Uasin Gishu,0.79,0.865,0.09,0.717,33,0.386,1.0,4,0,2,0.605,2,0,0.289,-0.87,2.06,100.0,average
FM0480,Mary Wanjiku,0720601461,2024-09-12,41,F,Meru,1.43,0.815,0.008,0.725,32,0.383,1.0,3,0,1,0.726,1,1,0.286,-20.38,2.48,95.2,average
FM0481,John Wanjiku,0762340661,2024-06-28,34,F,Kiambu,4.98,0.308,0.003,0.833,37,0.315,1.0,3,1,3,0.735,2,1,0.068,20.76,1.16,99.5,average
FM0482,Mary Wanjiku,0772406785,2024-01-21,37,F,Bungoma,5.42,0.588,-0.125,0.702,38,0.206,0.5,4,1,3,0.77,2,0,0.0,-1.5,0.67,93.9,average
FM0483,Peter Wanjiku,0727774391,2025-04-04,60,M,Kiambu,6.94,0.552,0.0,0.77,37,0.092,1.0,3,1,2,0.572,2,0,0.493,13.1,2.8,79.5,average
FM0484,Samuel Mwangi,0752345136,2024-10-27,41,M,Uasin Gishu,6.14,0.783,0.114,0.82,49,0.154,0.5,3,1,6,0.785,2,0,0.308,1.57,3.19,91.1,average
FM0485,James Kiprotich,0770072285,2024-07-02,41,M,Meru,9.71,0.551,0.012,0.62,36,0.084,1.0,4,1,0,0.678,2,0,0.42,-5.1,1.97,100.0,average
FM0486,John Maina,0703891390,2025-05-14,63,F,Uasin Gishu,4.47,0.85,-0.067,0.625,33,0.37,1.0,3,1,0,0.581,2,1,0.325,-2.94,1.65,100.0,average
FM0487,Faith Kamau,0737366637,2024-02-15,63,F,Meru,2.11,0.468,0.099,0.813,37,0.127,1.0,3,0,3,0.641,2,0,0.442,-5.2,3.4,79.6,average
FM0488,Samuel Kiprotich,0722628948,2023-11-06,31,F,Uasin Gishu,2.93,0.723,0.088,0.875,50,0.675,1.0,4,1,3,0.975,3,1,0.449,-13.48,-1.88,100.0,excellent
FM0489,Samuel Wambui,0757416397,2024-03-15,52,M,Nakuru,2.99,0.792,0.119,0.961,59,0.748,1.0,4,1,6,0.981,2,1,0.22,6.35,2.41,100.0,excellent
FM0490,Sarah Achieng,0770531856,2024-05-26,58,M,Bungoma,6.87,0.98,0.069,0.949,60,0.2,1.0,5,1,8,0.858,3,1,0.133,-1.24,1.08,100.0,excellent
FM0491,Samuel Njeri,0757095519,2024-06-06,57,M,Kiambu,3.75,0.659,-0.216,0.685,42,0.385,1.0,3,1,0,0.672,2,1,0.184,-11.25,1.62,97.9,average
FM0492,Peter Kiprotich,0776921490,2025-07-01,43,M,Nakuru,3.42,0.701,0.141,0.839,32,0.482,0.5,3,1,3,0.771,2,1,0.018,-11.61,2.7,96.8,average
FM0493,Grace Njeri,0737040207,2025-03-24,29,M,Nakuru,8.54,0.932,0.029,0.888,57,0.718,1.0,5,1,3,0.824,3,1,0.19,-0.31,0.69,100.0,excellent
FM0494,Lucy Wanjiku,0769596030,2024-10-14,59,F,Kiambu,4.46,0.648,0.069,0.636,31,0.45,1.0,3,0,0,0.719,1,0,0.215,-5.23,1.38,91.0,average
FM0495,Faith Njeri,0717988865,2025-02-26,55,F,Uasin Gishu,1.56,0.612,0.048,0.775,33,0.544,1.0,3,0,1,0.642,1,0,0.42,-20.34,-0.07,89.4,average
FM0496,Lucy Wambui,0742539404,2025-06-16,41,F,Bungoma,3.47,0.681,-0.227,0.785,28,0.548,1.0,4,0,0,0.661,2,0,0.252,18.67,1.97,97.6,average
FM0497,Mary Maina,0744613440,2025-07-25,52,F,Uasin Gishu,1.22,0.268,-0.082,0.42,18,0.068,0.0,1,0,0,0.352,1,0,0.348,-18.25,2.45,30.5,struggling
FM0498,Faith Wanjiku,0735115535,2024-11-27,29,M,Nakuru,14.6,0.901,0.036,0.978,55,0.137,1.0,4,1,5,0.9,3,1,0.0,2.68,0.09,100.0,excellent
FM0499,Lucy Kamau,0784683889,2025-07-05,34,M,Bungoma,4.45,0.723,0.015,0.863,63,0.44,1.0,5,1,8,0.923,2,1,0.0,19.09,1.53,100.0,excellent
